"","ASV_code","Sample","Count","Relative_Abundance"
"1","ASV1","SCF049-1",487384,0.517725290659075
"2","ASV1","SCF049-2",164477,0.525583015383042
"3","ASV1","SCF049-3",261267,0.550138868124764
"4","ASV1","SCF055-1",4044,0.0171537645811241
"5","ASV1","SCF055-4",4935,0.00752870748797466
"6","ASV1","SCF055-5",15492,0.0368183017285019
"7","ASV2","SCF049-1",2159,0.00229340500002656
"8","ASV2","SCF049-2",3727,0.0119095551252309
"9","ASV2","SCF049-3",10675,0.0224778958583819
"10","ASV2","SCF055-1",115630,0.490477200424178
"11","ASV2","SCF055-4",153071,0.233521131487694
"12","ASV2","SCF055-5",236363,0.561740527462812
"13","ASV3","SCF049-1",246437,0.26177853079738
"14","ASV3","SCF049-2",99836,0.319023972493305
"15","ASV3","SCF049-3",155462,0.327349756059556
"16","ASV3","SCF055-1",2753,0.011677624602333
"17","ASV3","SCF055-4",2505,0.00382156276745218
"18","ASV3","SCF055-5",10271,0.0244100682322129
"19","ASV4","SCF049-1",1267,0.00134587500464736
"20","ASV4","SCF049-2",2625,0.00838813582069521
"21","ASV4","SCF049-3",7384,0.0155481763951561
"22","ASV4","SCF055-1",55027,0.233412513255567
"23","ASV4","SCF055-4",64384,0.098222553780296
"24","ASV4","SCF055-5",125692,0.298719725074803
"25","ASV5","SCF049-1",0,0
"26","ASV5","SCF049-2",0,0
"27","ASV5","SCF049-3",0,0
"28","ASV5","SCF055-1",0,0
"29","ASV5","SCF055-4",90417,0.137937820656577
"30","ASV5","SCF055-5",0,0
"31","ASV6","SCF049-1",0,0
"32","ASV6","SCF049-2",0,0
"33","ASV6","SCF049-3",0,0
"34","ASV6","SCF055-1",0,0
"35","ASV6","SCF055-4",66903,0.102065474583175
"36","ASV6","SCF055-5",0,0
"37","ASV7","SCF049-1",0,0
"38","ASV7","SCF049-2",0,0
"39","ASV7","SCF049-3",0,0
"40","ASV7","SCF055-1",0,0
"41","ASV7","SCF055-4",65014,0.0991836653745055
"42","ASV7","SCF055-5",0,0
"43","ASV8","SCF049-1",0,0
"44","ASV8","SCF049-2",0,0
"45","ASV8","SCF049-3",0,0
"46","ASV8","SCF055-1",0,0
"47","ASV8","SCF055-4",52753,0.0804786030624372
"48","ASV8","SCF055-5",0,0
"49","ASV9","SCF049-1",8702,0.00924372872173742
"50","ASV9","SCF049-2",6250,0.0199717519540362
"51","ASV9","SCF049-3",12985,0.0273419651260973
"52","ASV9","SCF055-1",3710,0.0157370095440085
"53","ASV9","SCF055-4",3042,0.00464079598346888
"54","ASV9","SCF055-5",9740,0.0231480931342375
"55","ASV10","SCF049-1",0,0
"56","ASV10","SCF049-2",0,0
"57","ASV10","SCF049-3",0,0
"58","ASV10","SCF055-1",0,0
"59","ASV10","SCF055-4",43288,0.0660390455399082
"60","ASV10","SCF055-5",0,0
"61","ASV11","SCF049-1",42231,0.0448600215637432
"62","ASV11","SCF049-2",0,0
"63","ASV11","SCF049-3",0,0
"64","ASV11","SCF055-1",0,0
"65","ASV11","SCF055-4",0,0
"66","ASV11","SCF055-5",0,0
"67","ASV12","SCF049-1",40536,0.0430595021218511
"68","ASV12","SCF049-2",0,0
"69","ASV12","SCF049-3",0,0
"70","ASV12","SCF055-1",0,0
"71","ASV12","SCF055-4",0,0
"72","ASV12","SCF055-5",0,0
"73","ASV13","SCF049-1",0,0
"74","ASV13","SCF049-2",0,0
"75","ASV13","SCF049-3",0,0
"76","ASV13","SCF055-1",0,0
"77","ASV13","SCF055-4",39393,0.0600969349693588
"78","ASV13","SCF055-5",0,0
"79","ASV14","SCF049-1",0,0
"80","ASV14","SCF049-2",0,0
"81","ASV14","SCF049-3",0,0
"82","ASV14","SCF055-1",0,0
"83","ASV14","SCF055-4",33680,0.0513813309412334
"84","ASV14","SCF055-5",0,0
"85","ASV15","SCF049-1",32374,0.0343893902134598
"86","ASV15","SCF049-2",0,0
"87","ASV15","SCF049-3",0,0
"88","ASV15","SCF055-1",0,0
"89","ASV15","SCF055-4",0,0
"90","ASV15","SCF055-5",0,0
"91","ASV16","SCF049-1",6409,0.00680798177173238
"92","ASV16","SCF049-2",2649,0.00846482734819871
"93","ASV16","SCF049-3",3611,0.00760352992455429
"94","ASV16","SCF055-1",0,0
"95","ASV16","SCF055-4",60,9.15344375437649e-05
"96","ASV16","SCF055-5",267,0.000634552450394397
"97","ASV17","SCF049-1",0,0
"98","ASV17","SCF049-2",0,0
"99","ASV17","SCF049-3",0,0
"100","ASV17","SCF055-1",12625,0.0535524920466596
"101","ASV17","SCF055-4",0,0
"102","ASV17","SCF055-5",0,0
"103","ASV18","SCF049-1",0,0
"104","ASV18","SCF049-2",0,0
"105","ASV18","SCF049-3",0,0
"106","ASV18","SCF055-1",12064,0.0511728525980912
"107","ASV18","SCF055-4",0,0
"108","ASV18","SCF055-5",0,0
"109","ASV19","SCF049-1",5142,0.00546210676708502
"110","ASV19","SCF049-2",1733,0.00553776738181516
"111","ASV19","SCF049-3",2450,0.00515886134454666
"112","ASV19","SCF055-1",0,0
"113","ASV19","SCF055-4",0,0
"114","ASV19","SCF055-5",236,0.000560877821322388
"115","ASV20","SCF049-1",0,0
"116","ASV20","SCF049-2",0,0
"117","ASV20","SCF049-3",0,0
"118","ASV20","SCF055-1",7887,0.0334549310710498
"119","ASV20","SCF055-4",0,0
"120","ASV20","SCF055-5",0,0
"121","ASV21","SCF049-1",0,0
"122","ASV21","SCF049-2",7507,0.023988470707032
"123","ASV21","SCF049-3",0,0
"124","ASV21","SCF055-1",0,0
"125","ASV21","SCF055-4",0,0
"126","ASV21","SCF055-5",0,0
"127","ASV22","SCF049-1",0,0
"128","ASV22","SCF049-2",7242,0.0231416684241808
"129","ASV22","SCF049-3",0,0
"130","ASV22","SCF055-1",0,0
"131","ASV22","SCF055-4",0,0
"132","ASV22","SCF055-5",0,0
"133","ASV23","SCF049-1",0,0
"134","ASV23","SCF049-2",0,0
"135","ASV23","SCF049-3",0,0
"136","ASV23","SCF055-1",2166,0.00918769883351007
"137","ASV23","SCF055-4",1594,0.00243176489074602
"138","ASV23","SCF055-5",3417,0.0081208454044856
"139","ASV24","SCF049-1",6843,0.00726899972912539
"140","ASV24","SCF049-2",0,0
"141","ASV24","SCF049-3",0,0
"142","ASV24","SCF055-1",0,0
"143","ASV24","SCF055-4",0,0
"144","ASV24","SCF055-5",0,0
"145","ASV25","SCF049-1",6507,0.00691208260082112
"146","ASV25","SCF049-2",0,0
"147","ASV25","SCF049-3",0,0
"148","ASV25","SCF055-1",0,0
"149","ASV25","SCF055-4",0,0
"150","ASV25","SCF055-5",0,0
"151","ASV26","SCF049-1",5652,0.00600385597968972
"152","ASV26","SCF049-2",0,0
"153","ASV26","SCF049-3",0,0
"154","ASV26","SCF055-1",0,0
"155","ASV26","SCF055-4",0,0
"156","ASV26","SCF055-5",0,0
"157","ASV27","SCF049-1",5348,0.00568093095884299
"158","ASV27","SCF049-2",0,0
"159","ASV27","SCF049-3",0,0
"160","ASV27","SCF055-1",0,0
"161","ASV27","SCF055-4",0,0
"162","ASV27","SCF055-5",0,0
"163","ASV28","SCF049-1",0,0
"164","ASV28","SCF049-2",0,0
"165","ASV28","SCF049-3",0,0
"166","ASV28","SCF055-1",1759,0.00746129374337222
"167","ASV28","SCF055-4",1124,0.00171474512998653
"168","ASV28","SCF055-5",2155,0.0051215750209735
"169","ASV29","SCF049-1",2149,0.00228278246644607
"170","ASV29","SCF049-2",1119,0.00357574246985064
"171","ASV29","SCF049-3",1127,0.00237307621849146
"172","ASV29","SCF055-1",0,0
"173","ASV29","SCF055-4",0,0
"174","ASV29","SCF055-5",0,0
"175","ASV30","SCF049-1",3640,0.00386660222329628
"176","ASV30","SCF049-2",0,0
"177","ASV30","SCF049-3",0,0
"178","ASV30","SCF055-1",0,0
"179","ASV30","SCF055-4",0,0
"180","ASV30","SCF055-5",0,0
"181","ASV31","SCF049-1",0,0
"182","ASV31","SCF049-2",0,0
"183","ASV31","SCF049-3",0,0
"184","ASV31","SCF055-1",0,0
"185","ASV31","SCF055-4",2795,0.00426397921558038
"186","ASV31","SCF055-5",0,0
"187","ASV32","SCF049-1",0,0
"188","ASV32","SCF049-2",0,0
"189","ASV32","SCF049-3",0,0
"190","ASV32","SCF055-1",0,0
"191","ASV32","SCF055-4",2646,0.00403666869568003
"192","ASV32","SCF055-5",0,0
"193","ASV33","SCF049-1",2576,0.00273636465033275
"194","ASV33","SCF049-2",0,0
"195","ASV33","SCF049-3",0,0
"196","ASV33","SCF055-1",0,0
"197","ASV33","SCF055-4",0,0
"198","ASV33","SCF055-5",0,0
"199","ASV34","SCF049-1",2464,0.00261739227423133
"200","ASV34","SCF049-2",0,0
"201","ASV34","SCF049-3",0,0
"202","ASV34","SCF055-1",0,0
"203","ASV34","SCF055-4",0,0
"204","ASV34","SCF055-5",0,0
"205","ASV35","SCF049-1",0,0
"206","ASV35","SCF049-2",0,0
"207","ASV35","SCF049-3",0,0
"208","ASV35","SCF055-1",0,0
"209","ASV35","SCF055-4",2270,0.00346305288707244
"210","ASV35","SCF055-5",0,0
"211","ASV36","SCF049-1",993,0.00105481758454209
"212","ASV36","SCF049-2",378,0.00120789155818011
"213","ASV36","SCF049-3",633,0.00133288131881553
"214","ASV36","SCF055-1",0,0
"215","ASV36","SCF055-4",0,0
"216","ASV36","SCF055-5",0,0
"217","ASV37","SCF049-1",0,0
"218","ASV37","SCF049-2",0,0
"219","ASV37","SCF049-3",0,0
"220","ASV37","SCF055-1",0,0
"221","ASV37","SCF055-4",655,0.0009992509431861
"222","ASV37","SCF055-5",1322,0.0031418664397805
"223","ASV38","SCF049-1",0,0
"224","ASV38","SCF049-2",0,0
"225","ASV38","SCF049-3",0,0
"226","ASV38","SCF055-1",1905,0.00808059384941675
"227","ASV38","SCF055-4",0,0
"228","ASV38","SCF055-5",0,0
"229","ASV39","SCF049-1",0,0
"230","ASV39","SCF049-2",0,0
"231","ASV39","SCF049-3",0,0
"232","ASV39","SCF055-1",1901,0.00806362672322375
"233","ASV39","SCF055-4",0,0
"234","ASV39","SCF055-5",0,0
"235","ASV40","SCF049-1",1887,0.00200447208663738
"236","ASV40","SCF049-2",0,0
"237","ASV40","SCF049-3",0,0
"238","ASV40","SCF055-1",0,0
"239","ASV40","SCF055-4",0,0
"240","ASV40","SCF055-5",0,0
"241","ASV41","SCF049-1",0,0
"242","ASV41","SCF049-2",0,0
"243","ASV41","SCF049-3",1674,0.00352487097582494
"244","ASV41","SCF055-1",0,0
"245","ASV41","SCF055-4",0,0
"246","ASV41","SCF055-5",0,0
"247","ASV42","SCF049-1",0,0
"248","ASV42","SCF049-2",0,0
"249","ASV42","SCF049-3",1668,0.00351223702967503
"250","ASV42","SCF055-1",0,0
"251","ASV42","SCF055-4",0,0
"252","ASV42","SCF055-5",0,0
"253","ASV43","SCF049-1",967,0.00102719899723283
"254","ASV43","SCF049-2",0,0
"255","ASV43","SCF049-3",628,0.00132235303035727
"256","ASV43","SCF055-1",0,0
"257","ASV43","SCF055-4",0,0
"258","ASV43","SCF055-5",0,0
"259","ASV44","SCF049-1",0,0
"260","ASV44","SCF049-2",0,0
"261","ASV44","SCF049-3",0,0
"262","ASV44","SCF055-1",1552,0.00658324496288441
"263","ASV44","SCF055-4",0,0
"264","ASV44","SCF055-5",0,0
"265","ASV45","SCF049-1",0,0
"266","ASV45","SCF049-2",0,0
"267","ASV45","SCF049-3",0,0
"268","ASV45","SCF055-1",1538,0.00652386002120891
"269","ASV45","SCF055-4",0,0
"270","ASV45","SCF055-5",0,0
"271","ASV46","SCF049-1",0,0
"272","ASV46","SCF049-2",1508,0.00481878431146986
"273","ASV46","SCF049-3",0,0
"274","ASV46","SCF055-1",0,0
"275","ASV46","SCF055-4",0,0
"276","ASV46","SCF055-5",0,0
"277","ASV47","SCF049-1",0,0
"278","ASV47","SCF049-2",0,0
"279","ASV47","SCF049-3",1494,0.00314585259132764
"280","ASV47","SCF055-1",0,0
"281","ASV47","SCF055-4",0,0
"282","ASV47","SCF055-5",0,0
"283","ASV48","SCF049-1",0,0
"284","ASV48","SCF049-2",0,0
"285","ASV48","SCF049-3",0,0
"286","ASV48","SCF055-1",0,0
"287","ASV48","SCF055-4",1487,0.00226852847712631
"288","ASV48","SCF055-5",0,0
"289","ASV49","SCF049-1",0,0
"290","ASV49","SCF049-2",0,0
"291","ASV49","SCF049-3",0,0
"292","ASV49","SCF055-1",0,0
"293","ASV49","SCF055-4",1387,0.00211597108122003
"294","ASV49","SCF055-5",0,0
"295","ASV50","SCF049-1",0,0
"296","ASV50","SCF049-2",0,0
"297","ASV50","SCF049-3",0,0
"298","ASV50","SCF055-1",0,0
"299","ASV50","SCF055-4",1266,0.00193137663217344
"300","ASV50","SCF055-5",0,0
"301","ASV51","SCF049-1",535,0.000568305546555909
"302","ASV51","SCF049-2",0,0
"303","ASV51","SCF049-3",676,0.00142342459955655
"304","ASV51","SCF055-1",0,0
"305","ASV51","SCF055-4",0,0
"306","ASV51","SCF055-5",0,0
"307","ASV52","SCF049-1",0,0
"308","ASV52","SCF049-2",0,0
"309","ASV52","SCF049-3",0,0
"310","ASV52","SCF055-1",0,0
"311","ASV52","SCF055-4",1179,0.00179865169773498
"312","ASV52","SCF055-5",0,0
"313","ASV53","SCF049-1",0,0
"314","ASV53","SCF049-2",1177,0.0037610803279841
"315","ASV53","SCF049-3",0,0
"316","ASV53","SCF055-1",0,0
"317","ASV53","SCF055-4",0,0
"318","ASV53","SCF055-5",0,0
"319","ASV54","SCF049-1",1157,0.00122902713526203
"320","ASV54","SCF049-2",0,0
"321","ASV54","SCF049-3",0,0
"322","ASV54","SCF055-1",0,0
"323","ASV54","SCF055-4",0,0
"324","ASV54","SCF055-5",0,0
"325","ASV55","SCF049-1",1121,0.00119078601437229
"326","ASV55","SCF049-2",0,0
"327","ASV55","SCF049-3",0,0
"328","ASV55","SCF055-1",0,0
"329","ASV55","SCF055-4",0,0
"330","ASV55","SCF055-5",0,0
"331","ASV56","SCF049-1",0,0
"332","ASV56","SCF049-2",0,0
"333","ASV56","SCF049-3",0,0
"334","ASV56","SCF055-1",0,0
"335","ASV56","SCF055-4",1098,0.0016750802070509
"336","ASV56","SCF055-5",0,0
"337","ASV57","SCF049-1",0,0
"338","ASV57","SCF049-2",0,0
"339","ASV57","SCF049-3",0,0
"340","ASV57","SCF055-1",0,0
"341","ASV57","SCF055-4",1074,0.00163846643203339
"342","ASV57","SCF055-5",0,0
"343","ASV58","SCF049-1",568,0.000603359907371507
"344","ASV58","SCF049-2",477,0.00152424410913204
"345","ASV58","SCF049-3",0,0
"346","ASV58","SCF055-1",0,0
"347","ASV58","SCF055-4",0,0
"348","ASV58","SCF055-5",0,0
"349","ASV59","SCF049-1",0,0
"350","ASV59","SCF049-2",0,0
"351","ASV59","SCF049-3",0,0
"352","ASV59","SCF055-1",0,0
"353","ASV59","SCF055-4",1002,0.00152862510698087
"354","ASV59","SCF055-5",0,0
"355","ASV60","SCF049-1",924,0.000981522102836748
"356","ASV60","SCF049-2",0,0
"357","ASV60","SCF049-3",0,0
"358","ASV60","SCF055-1",0,0
"359","ASV60","SCF055-4",0,0
"360","ASV60","SCF055-5",0,0
"361","ASV61","SCF049-1",912,0.000968775062540166
"362","ASV61","SCF049-2",0,0
"363","ASV61","SCF049-3",0,0
"364","ASV61","SCF055-1",0,0
"365","ASV61","SCF055-4",0,0
"366","ASV61","SCF055-5",0,0
"367","ASV62","SCF049-1",0,0
"368","ASV62","SCF049-2",0,0
"369","ASV62","SCF049-3",0,0
"370","ASV62","SCF055-1",892,0.00378366914103924
"371","ASV62","SCF055-4",0,0
"372","ASV62","SCF055-5",0,0
"373","ASV63","SCF049-1",0,0
"374","ASV63","SCF049-2",0,0
"375","ASV63","SCF049-3",0,0
"376","ASV63","SCF055-1",0,0
"377","ASV63","SCF055-4",875,0.0013348772141799
"378","ASV63","SCF055-5",0,0
"379","ASV64","SCF049-1",0,0
"380","ASV64","SCF049-2",0,0
"381","ASV64","SCF049-3",0,0
"382","ASV64","SCF055-1",872,0.00369883351007423
"383","ASV64","SCF055-4",0,0
"384","ASV64","SCF055-5",0,0
"385","ASV65","SCF049-1",869,0.000923098168144084
"386","ASV65","SCF049-2",0,0
"387","ASV65","SCF049-3",0,0
"388","ASV65","SCF055-1",0,0
"389","ASV65","SCF055-4",0,0
"390","ASV65","SCF055-5",0,0
"391","ASV66","SCF049-1",855,0.000908226621131406
"392","ASV66","SCF049-2",0,0
"393","ASV66","SCF049-3",0,0
"394","ASV66","SCF055-1",0,0
"395","ASV66","SCF055-4",0,0
"396","ASV66","SCF055-5",0,0
"397","ASV67","SCF049-1",0,0
"398","ASV67","SCF049-2",0,0
"399","ASV67","SCF049-3",0,0
"400","ASV67","SCF055-1",0,0
"401","ASV67","SCF055-4",845,0.00128910999540802
"402","ASV67","SCF055-5",0,0
"403","ASV68","SCF049-1",0,0
"404","ASV68","SCF049-2",0,0
"405","ASV68","SCF049-3",0,0
"406","ASV68","SCF055-1",0,0
"407","ASV68","SCF055-4",842,0.00128453327353083
"408","ASV68","SCF055-5",0,0
"409","ASV69","SCF049-1",833,0.000884857047254341
"410","ASV69","SCF049-2",0,0
"411","ASV69","SCF049-3",0,0
"412","ASV69","SCF055-1",0,0
"413","ASV69","SCF055-4",0,0
"414","ASV69","SCF055-5",0,0
"415","ASV70","SCF049-1",0,0
"416","ASV70","SCF049-2",0,0
"417","ASV70","SCF049-3",0,0
"418","ASV70","SCF055-1",0,0
"419","ASV70","SCF055-4",808,0.0012326637589227
"420","ASV70","SCF055-5",0,0
"421","ASV71","SCF049-1",0,0
"422","ASV71","SCF049-2",0,0
"423","ASV71","SCF049-3",0,0
"424","ASV71","SCF055-1",0,0
"425","ASV71","SCF055-4",0,0
"426","ASV71","SCF055-5",766,0.00182047631835996
"427","ASV72","SCF049-1",0,0
"428","ASV72","SCF049-2",755,0.00241258763604757
"429","ASV72","SCF049-3",0,0
"430","ASV72","SCF055-1",0,0
"431","ASV72","SCF055-4",0,0
"432","ASV72","SCF055-5",0,0
"433","ASV73","SCF049-1",0,0
"434","ASV73","SCF049-2",0,0
"435","ASV73","SCF049-3",0,0
"436","ASV73","SCF055-1",741,0.00314316012725345
"437","ASV73","SCF055-4",0,0
"438","ASV73","SCF055-5",0,0
"439","ASV74","SCF049-1",720,0.000764822417794868
"440","ASV74","SCF049-2",0,0
"441","ASV74","SCF049-3",0,0
"442","ASV74","SCF055-1",0,0
"443","ASV74","SCF055-4",0,0
"444","ASV74","SCF055-5",0,0
"445","ASV75","SCF049-1",0,0
"446","ASV75","SCF049-2",0,0
"447","ASV75","SCF049-3",0,0
"448","ASV75","SCF055-1",0,0
"449","ASV75","SCF055-4",0,0
"450","ASV75","SCF055-5",693,0.00164698444990006
"451","ASV76","SCF049-1",0,0
"452","ASV76","SCF049-2",0,0
"453","ASV76","SCF049-3",0,0
"454","ASV76","SCF055-1",0,0
"455","ASV76","SCF055-4",0,0
"456","ASV76","SCF055-5",670,0.00159232262833051
"457","ASV77","SCF049-1",0,0
"458","ASV77","SCF049-2",0,0
"459","ASV77","SCF049-3",0,0
"460","ASV77","SCF055-1",664,0.00281654294803818
"461","ASV77","SCF055-4",0,0
"462","ASV77","SCF055-5",0,0
"463","ASV78","SCF049-1",656,0.000696838202879769
"464","ASV78","SCF049-2",0,0
"465","ASV78","SCF049-3",0,0
"466","ASV78","SCF055-1",0,0
"467","ASV78","SCF055-4",0,0
"468","ASV78","SCF055-5",0,0
"469","ASV79","SCF049-1",622,0.000660721588706122
"470","ASV79","SCF049-2",0,0
"471","ASV79","SCF049-3",0,0
"472","ASV79","SCF055-1",0,0
"473","ASV79","SCF055-4",0,0
"474","ASV79","SCF055-5",0,0
"475","ASV80","SCF049-1",0,0
"476","ASV80","SCF049-2",0,0
"477","ASV80","SCF049-3",616,0.00129708513805745
"478","ASV80","SCF055-1",0,0
"479","ASV80","SCF055-4",0,0
"480","ASV80","SCF055-5",0,0
"481","ASV81","SCF049-1",601,0.000638414268187105
"482","ASV81","SCF049-2",0,0
"483","ASV81","SCF049-3",0,0
"484","ASV81","SCF055-1",0,0
"485","ASV81","SCF055-4",0,0
"486","ASV81","SCF055-5",0,0
"487","ASV82","SCF049-1",356,0.00037816219546524
"488","ASV82","SCF049-2",240,0.00076691527503499
"489","ASV82","SCF049-3",0,0
"490","ASV82","SCF055-1",0,0
"491","ASV82","SCF055-4",0,0
"492","ASV82","SCF055-5",0,0
"493","ASV83","SCF049-1",0,0
"494","ASV83","SCF049-2",0,0
"495","ASV83","SCF049-3",0,0
"496","ASV83","SCF055-1",0,0
"497","ASV83","SCF055-4",0,0
"498","ASV83","SCF055-5",595,0.001414077557995
"499","ASV84","SCF049-1",0,0
"500","ASV84","SCF049-2",583,0.0018629650222725
"501","ASV84","SCF049-3",0,0
"502","ASV84","SCF055-1",0,0
"503","ASV84","SCF055-4",0,0
"504","ASV84","SCF055-5",0,0
"505","ASV85","SCF049-1",0,0
"506","ASV85","SCF049-2",0,0
"507","ASV85","SCF049-3",0,0
"508","ASV85","SCF055-1",0,0
"509","ASV85","SCF055-4",582,0.00088788404417452
"510","ASV85","SCF055-5",0,0
"511","ASV86","SCF049-1",0,0
"512","ASV86","SCF049-2",0,0
"513","ASV86","SCF049-3",581,0.00122338711884964
"514","ASV86","SCF055-1",0,0
"515","ASV86","SCF055-4",0,0
"516","ASV86","SCF055-5",0,0
"517","ASV87","SCF049-1",213,0.000226259965264315
"518","ASV87","SCF049-2",127,0.000405825999706016
"519","ASV87","SCF049-3",232,0.000488512584463194
"520","ASV87","SCF055-1",0,0
"521","ASV87","SCF055-4",0,0
"522","ASV87","SCF055-5",0,0
"523","ASV88","SCF049-1",0,0
"524","ASV88","SCF049-2",0,0
"525","ASV88","SCF049-3",554,0.00116653436117504
"526","ASV88","SCF055-1",0,0
"527","ASV88","SCF055-4",0,0
"528","ASV88","SCF055-5",0,0
"529","ASV89","SCF049-1",0,0
"530","ASV89","SCF049-2",0,0
"531","ASV89","SCF049-3",0,0
"532","ASV89","SCF055-1",0,0
"533","ASV89","SCF055-4",552,0.000842116825402637
"534","ASV89","SCF055-5",0,0
"535","ASV90","SCF049-1",0,0
"536","ASV90","SCF049-2",0,0
"537","ASV90","SCF049-3",544,0.00114547778425852
"538","ASV90","SCF055-1",0,0
"539","ASV90","SCF055-4",0,0
"540","ASV90","SCF055-5",0,0
"541","ASV91","SCF049-1",543,0.000576803573420296
"542","ASV91","SCF049-2",0,0
"543","ASV91","SCF049-3",0,0
"544","ASV91","SCF055-1",0,0
"545","ASV91","SCF055-4",0,0
"546","ASV91","SCF055-5",0,0
"547","ASV92","SCF049-1",0,0
"548","ASV92","SCF049-2",0,0
"549","ASV92","SCF049-3",0,0
"550","ASV92","SCF055-1",0,0
"551","ASV92","SCF055-4",543,0.000828386659771072
"552","ASV92","SCF055-5",0,0
"553","ASV93","SCF049-1",0,0
"554","ASV93","SCF049-2",0,0
"555","ASV93","SCF049-3",0,0
"556","ASV93","SCF055-1",226,0.00095864262990456
"557","ASV93","SCF055-4",314,0.000479030223145703
"558","ASV93","SCF055-5",0,0
"559","ASV94","SCF049-1",530,0.000562994279765667
"560","ASV94","SCF049-2",0,0
"561","ASV94","SCF049-3",0,0
"562","ASV94","SCF055-1",0,0
"563","ASV94","SCF055-4",0,0
"564","ASV94","SCF055-5",0,0
"565","ASV95","SCF049-1",0,0
"566","ASV95","SCF049-2",0,0
"567","ASV95","SCF049-3",522,0.00109915331504219
"568","ASV95","SCF055-1",0,0
"569","ASV95","SCF055-4",0,0
"570","ASV95","SCF055-5",0,0
"571","ASV96","SCF049-1",516,0.000548122732752989
"572","ASV96","SCF049-2",0,0
"573","ASV96","SCF049-3",0,0
"574","ASV96","SCF055-1",0,0
"575","ASV96","SCF055-4",0,0
"576","ASV96","SCF055-5",0,0
"577","ASV97","SCF049-1",274,0.000291057420105269
"578","ASV97","SCF049-2",0,0
"579","ASV97","SCF049-3",219,0.000461139034471722
"580","ASV97","SCF055-1",0,0
"581","ASV97","SCF055-4",0,0
"582","ASV97","SCF055-5",0,0
"583","ASV98","SCF049-1",0,0
"584","ASV98","SCF049-2",491,0.00156898083350908
"585","ASV98","SCF049-3",0,0
"586","ASV98","SCF055-1",0,0
"587","ASV98","SCF055-4",0,0
"588","ASV98","SCF055-5",0,0
"589","ASV99","SCF049-1",0,0
"590","ASV99","SCF049-2",488,0.00155939439257115
"591","ASV99","SCF049-3",0,0
"592","ASV99","SCF055-1",0,0
"593","ASV99","SCF055-4",0,0
"594","ASV99","SCF055-5",0,0
"595","ASV100","SCF049-1",485,0.000515192878653488
"596","ASV100","SCF049-2",0,0
"597","ASV100","SCF049-3",0,0
"598","ASV100","SCF055-1",0,0
"599","ASV100","SCF055-4",0,0
"600","ASV100","SCF055-5",0,0
"601","ASV101","SCF049-1",478,0.000507757105147149
"602","ASV101","SCF049-2",0,0
"603","ASV101","SCF049-3",0,0
"604","ASV101","SCF055-1",0,0
"605","ASV101","SCF055-4",0,0
"606","ASV101","SCF055-5",0,0
"607","ASV102","SCF049-1",0,0
"608","ASV102","SCF049-2",471,0.00150507122725617
"609","ASV102","SCF049-3",0,0
"610","ASV102","SCF055-1",0,0
"611","ASV102","SCF055-4",0,0
"612","ASV102","SCF055-5",0,0
"613","ASV103","SCF049-1",0,0
"614","ASV103","SCF049-2",0,0
"615","ASV103","SCF049-3",0,0
"616","ASV103","SCF055-1",0,0
"617","ASV103","SCF055-4",0,0
"618","ASV103","SCF055-5",468,0.00111224923889355
"619","ASV104","SCF049-1",462,0.000490761051418374
"620","ASV104","SCF049-2",0,0
"621","ASV104","SCF049-3",0,0
"622","ASV104","SCF055-1",0,0
"623","ASV104","SCF055-4",0,0
"624","ASV104","SCF055-5",0,0
"625","ASV105","SCF049-1",455,0.000483325277912035
"626","ASV105","SCF049-2",0,0
"627","ASV105","SCF049-3",0,0
"628","ASV105","SCF055-1",0,0
"629","ASV105","SCF055-4",0,0
"630","ASV105","SCF055-5",0,0
"631","ASV106","SCF049-1",0,0
"632","ASV106","SCF049-2",0,0
"633","ASV106","SCF049-3",0,0
"634","ASV106","SCF055-1",443,0.00187910922587487
"635","ASV106","SCF055-4",0,0
"636","ASV106","SCF055-5",0,0
"637","ASV107","SCF049-1",419,0.000445084157022291
"638","ASV107","SCF049-2",0,0
"639","ASV107","SCF049-3",0,0
"640","ASV107","SCF055-1",0,0
"641","ASV107","SCF055-4",0,0
"642","ASV107","SCF055-5",0,0
"643","ASV108","SCF049-1",0,0
"644","ASV108","SCF049-2",419,0.00133890625099859
"645","ASV108","SCF049-3",0,0
"646","ASV108","SCF055-1",0,0
"647","ASV108","SCF055-4",0,0
"648","ASV108","SCF055-5",0,0
"649","ASV109","SCF049-1",0,0
"650","ASV109","SCF049-2",0,0
"651","ASV109","SCF049-3",0,0
"652","ASV109","SCF055-1",0,0
"653","ASV109","SCF055-4",0,0
"654","ASV109","SCF055-5",415,0.000986289389189793
"655","ASV110","SCF049-1",0,0
"656","ASV110","SCF049-2",0,0
"657","ASV110","SCF049-3",412,0.0008675309689605
"658","ASV110","SCF055-1",0,0
"659","ASV110","SCF055-4",0,0
"660","ASV110","SCF055-5",0,0
"661","ASV111","SCF049-1",0,0
"662","ASV111","SCF049-2",0,0
"663","ASV111","SCF049-3",0,0
"664","ASV111","SCF055-1",409,0.00173488865323436
"665","ASV111","SCF055-4",0,0
"666","ASV111","SCF055-5",0,0
"667","ASV112","SCF049-1",400,0.000424901343219371
"668","ASV112","SCF049-2",0,0
"669","ASV112","SCF049-3",0,0
"670","ASV112","SCF055-1",0,0
"671","ASV112","SCF055-4",0,0
"672","ASV112","SCF055-5",0,0
"673","ASV113","SCF049-1",390,0.000414278809638887
"674","ASV113","SCF049-2",0,0
"675","ASV113","SCF049-3",0,0
"676","ASV113","SCF055-1",0,0
"677","ASV113","SCF055-4",0,0
"678","ASV113","SCF055-5",0,0
"679","ASV114","SCF049-1",0,0
"680","ASV114","SCF049-2",0,0
"681","ASV114","SCF049-3",387,0.000814889526669207
"682","ASV114","SCF055-1",0,0
"683","ASV114","SCF055-4",0,0
"684","ASV114","SCF055-5",0,0
"685","ASV115","SCF049-1",0,0
"686","ASV115","SCF049-2",379,0.00121108703849276
"687","ASV115","SCF049-3",0,0
"688","ASV115","SCF055-1",0,0
"689","ASV115","SCF055-4",0,0
"690","ASV115","SCF055-5",0,0
"691","ASV116","SCF049-1",377,0.000400469515984257
"692","ASV116","SCF049-2",0,0
"693","ASV116","SCF049-3",0,0
"694","ASV116","SCF055-1",0,0
"695","ASV116","SCF055-4",0,0
"696","ASV116","SCF055-5",0,0
"697","ASV117","SCF049-1",0,0
"698","ASV117","SCF049-2",0,0
"699","ASV117","SCF049-3",0,0
"700","ASV117","SCF055-1",0,0
"701","ASV117","SCF055-4",367,0.000559885642976029
"702","ASV117","SCF055-5",0,0
"703","ASV118","SCF049-1",0,0
"704","ASV118","SCF049-2",0,0
"705","ASV118","SCF049-3",0,0
"706","ASV118","SCF055-1",0,0
"707","ASV118","SCF055-4",0,0
"708","ASV118","SCF055-5",366,0.000869835943237263
"709","ASV119","SCF049-1",0,0
"710","ASV119","SCF049-2",365,0.00116635031411571
"711","ASV119","SCF049-3",0,0
"712","ASV119","SCF055-1",0,0
"713","ASV119","SCF055-4",0,0
"714","ASV119","SCF055-5",0,0
"715","ASV120","SCF049-1",0,0
"716","ASV120","SCF049-2",0,0
"717","ASV120","SCF049-3",0,0
"718","ASV120","SCF055-1",0,0
"719","ASV120","SCF055-4",0,0
"720","ASV120","SCF055-5",361,0.00085795293854823
"721","ASV121","SCF049-1",0,0
"722","ASV121","SCF049-2",0,0
"723","ASV121","SCF049-3",0,0
"724","ASV121","SCF055-1",0,0
"725","ASV121","SCF055-4",359,0.000547681051303527
"726","ASV121","SCF055-5",0,0
"727","ASV122","SCF049-1",356,0.00037816219546524
"728","ASV122","SCF049-2",0,0
"729","ASV122","SCF049-3",0,0
"730","ASV122","SCF055-1",0,0
"731","ASV122","SCF055-4",0,0
"732","ASV122","SCF055-5",0,0
"733","ASV123","SCF049-1",352,0.000373913182033047
"734","ASV123","SCF049-2",0,0
"735","ASV123","SCF049-3",0,0
"736","ASV123","SCF055-1",0,0
"737","ASV123","SCF055-4",0,0
"738","ASV123","SCF055-5",0,0
"739","ASV124","SCF049-1",0,0
"740","ASV124","SCF049-2",0,0
"741","ASV124","SCF049-3",0,0
"742","ASV124","SCF055-1",0,0
"743","ASV124","SCF055-4",0,0
"744","ASV124","SCF055-5",350,0.000831810328232356
"745","ASV125","SCF049-1",0,0
"746","ASV125","SCF049-2",0,0
"747","ASV125","SCF049-3",0,0
"748","ASV125","SCF055-1",0,0
"749","ASV125","SCF055-4",0,0
"750","ASV125","SCF055-5",347,0.000824680525418935
"751","ASV126","SCF049-1",342,0.000363290648452562
"752","ASV126","SCF049-2",0,0
"753","ASV126","SCF049-3",0,0
"754","ASV126","SCF055-1",0,0
"755","ASV126","SCF055-4",0,0
"756","ASV126","SCF055-5",0,0
"757","ASV127","SCF049-1",0,0
"758","ASV127","SCF049-2",0,0
"759","ASV127","SCF049-3",0,0
"760","ASV127","SCF055-1",0,0
"761","ASV127","SCF055-4",342,0.00052174629399946
"762","ASV127","SCF055-5",0,0
"763","ASV128","SCF049-1",0,0
"764","ASV128","SCF049-2",0,0
"765","ASV128","SCF049-3",0,0
"766","ASV128","SCF055-1",0,0
"767","ASV128","SCF055-4",0,0
"768","ASV128","SCF055-5",339,0.000805667717916482
"769","ASV129","SCF049-1",0,0
"770","ASV129","SCF049-2",333,0.00106409494411105
"771","ASV129","SCF049-3",0,0
"772","ASV129","SCF055-1",0,0
"773","ASV129","SCF055-4",0,0
"774","ASV129","SCF055-5",0,0
"775","ASV130","SCF049-1",0,0
"776","ASV130","SCF049-2",0,0
"777","ASV130","SCF049-3",0,0
"778","ASV130","SCF055-1",0,0
"779","ASV130","SCF055-4",325,0.000495811536695393
"780","ASV130","SCF055-5",0,0
"781","ASV131","SCF049-1",322,0.000342045581291594
"782","ASV131","SCF049-2",0,0
"783","ASV131","SCF049-3",0,0
"784","ASV131","SCF055-1",0,0
"785","ASV131","SCF055-4",0,0
"786","ASV131","SCF055-5",0,0
"787","ASV132","SCF049-1",0,0
"788","ASV132","SCF049-2",0,0
"789","ASV132","SCF049-3",0,0
"790","ASV132","SCF055-1",0,0
"791","ASV132","SCF055-4",0,0
"792","ASV132","SCF055-5",322,0.000765265501973767
"793","ASV133","SCF049-1",318,0.0003377965678594
"794","ASV133","SCF049-2",0,0
"795","ASV133","SCF049-3",0,0
"796","ASV133","SCF055-1",0,0
"797","ASV133","SCF055-4",0,0
"798","ASV133","SCF055-5",0,0
"799","ASV134","SCF049-1",0,0
"800","ASV134","SCF049-2",0,0
"801","ASV134","SCF049-3",0,0
"802","ASV134","SCF055-1",0,0
"803","ASV134","SCF055-4",0,0
"804","ASV134","SCF055-5",313,0.000743876093533507
"805","ASV135","SCF049-1",0,0
"806","ASV135","SCF049-2",0,0
"807","ASV135","SCF049-3",0,0
"808","ASV135","SCF055-1",312,0.00132343584305408
"809","ASV135","SCF055-4",0,0
"810","ASV135","SCF055-5",0,0
"811","ASV136","SCF049-1",302,0.000320800514130625
"812","ASV136","SCF049-2",0,0
"813","ASV136","SCF049-3",0,0
"814","ASV136","SCF055-1",0,0
"815","ASV136","SCF055-4",0,0
"816","ASV136","SCF055-5",0,0
"817","ASV137","SCF049-1",0,0
"818","ASV137","SCF049-2",0,0
"819","ASV137","SCF049-3",302,0.000635908622878813
"820","ASV137","SCF055-1",0,0
"821","ASV137","SCF055-4",0,0
"822","ASV137","SCF055-5",0,0
"823","ASV138","SCF049-1",299,0.00031761375405648
"824","ASV138","SCF049-2",0,0
"825","ASV138","SCF049-3",0,0
"826","ASV138","SCF055-1",0,0
"827","ASV138","SCF055-4",0,0
"828","ASV138","SCF055-5",0,0
"829","ASV139","SCF049-1",0,0
"830","ASV139","SCF049-2",0,0
"831","ASV139","SCF049-3",0,0
"832","ASV139","SCF055-1",299,0.00126829268292683
"833","ASV139","SCF055-4",0,0
"834","ASV139","SCF055-5",0,0
"835","ASV140","SCF049-1",0,0
"836","ASV140","SCF049-2",0,0
"837","ASV140","SCF049-3",0,0
"838","ASV140","SCF055-1",296,0.00125556733828208
"839","ASV140","SCF055-4",0,0
"840","ASV140","SCF055-5",0,0
"841","ASV141","SCF049-1",294,0.000312302487266238
"842","ASV141","SCF049-2",0,0
"843","ASV141","SCF049-3",0,0
"844","ASV141","SCF055-1",0,0
"845","ASV141","SCF055-4",0,0
"846","ASV141","SCF055-5",0,0
"847","ASV142","SCF049-1",0,0
"848","ASV142","SCF049-2",292,0.000933080251292572
"849","ASV142","SCF049-3",0,0
"850","ASV142","SCF055-1",0,0
"851","ASV142","SCF055-4",0,0
"852","ASV142","SCF055-5",0,0
"853","ASV143","SCF049-1",0,0
"854","ASV143","SCF049-2",0,0
"855","ASV143","SCF049-3",0,0
"856","ASV143","SCF055-1",0,0
"857","ASV143","SCF055-4",0,0
"858","ASV143","SCF055-5",283,0.000672578065399305
"859","ASV144","SCF049-1",278,0.000295306433537463
"860","ASV144","SCF049-2",0,0
"861","ASV144","SCF049-3",0,0
"862","ASV144","SCF055-1",0,0
"863","ASV144","SCF055-4",0,0
"864","ASV144","SCF055-5",0,0
"865","ASV145","SCF049-1",0,0
"866","ASV145","SCF049-2",0,0
"867","ASV145","SCF049-3",273,0.000574844549820914
"868","ASV145","SCF055-1",0,0
"869","ASV145","SCF055-4",0,0
"870","ASV145","SCF055-5",0,0
"871","ASV146","SCF049-1",0,0
"872","ASV146","SCF049-2",0,0
"873","ASV146","SCF049-3",267,0.000562210603671004
"874","ASV146","SCF055-1",0,0
"875","ASV146","SCF055-4",0,0
"876","ASV146","SCF055-5",0,0
"877","ASV147","SCF049-1",0,0
"878","ASV147","SCF049-2",0,0
"879","ASV147","SCF049-3",0,0
"880","ASV147","SCF055-1",0,0
"881","ASV147","SCF055-4",263,0.000401225951233503
"882","ASV147","SCF055-5",0,0
"883","ASV148","SCF049-1",261,0.00027724812645064
"884","ASV148","SCF049-2",0,0
"885","ASV148","SCF049-3",0,0
"886","ASV148","SCF055-1",0,0
"887","ASV148","SCF055-4",0,0
"888","ASV148","SCF055-5",0,0
"889","ASV149","SCF049-1",260,0.000276185873092591
"890","ASV149","SCF049-2",0,0
"891","ASV149","SCF049-3",0,0
"892","ASV149","SCF055-1",0,0
"893","ASV149","SCF055-4",0,0
"894","ASV149","SCF055-5",0,0
"895","ASV150","SCF049-1",0,0
"896","ASV150","SCF049-2",0,0
"897","ASV150","SCF049-3",0,0
"898","ASV150","SCF055-1",260,0.00110286320254507
"899","ASV150","SCF055-4",0,0
"900","ASV150","SCF055-5",0,0
"901","ASV151","SCF049-1",257,0.000272999113018446
"902","ASV151","SCF049-2",0,0
"903","ASV151","SCF049-3",0,0
"904","ASV151","SCF055-1",0,0
"905","ASV151","SCF055-4",0,0
"906","ASV151","SCF055-5",0,0
"907","ASV152","SCF049-1",0,0
"908","ASV152","SCF049-2",0,0
"909","ASV152","SCF049-3",0,0
"910","ASV152","SCF055-1",255,0.00108165429480382
"911","ASV152","SCF055-4",0,0
"912","ASV152","SCF055-5",0,0
"913","ASV153","SCF049-1",175,0.000185894337658475
"914","ASV153","SCF049-2",78,0.000249247464386372
"915","ASV153","SCF049-3",0,0
"916","ASV153","SCF055-1",0,0
"917","ASV153","SCF055-4",0,0
"918","ASV153","SCF055-5",0,0
"919","ASV154","SCF049-1",0,0
"920","ASV154","SCF049-2",0,0
"921","ASV154","SCF049-3",0,0
"922","ASV154","SCF055-1",0,0
"923","ASV154","SCF055-4",0,0
"924","ASV154","SCF055-5",246,0.000584643830700456
"925","ASV155","SCF049-1",0,0
"926","ASV155","SCF049-2",0,0
"927","ASV155","SCF049-3",0,0
"928","ASV155","SCF055-1",245,0.00103923647932131
"929","ASV155","SCF055-4",0,0
"930","ASV155","SCF055-5",0,0
"931","ASV156","SCF049-1",0,0
"932","ASV156","SCF049-2",0,0
"933","ASV156","SCF049-3",0,0
"934","ASV156","SCF055-1",0,0
"935","ASV156","SCF055-4",84,0.000128148212561271
"936","ASV156","SCF055-5",160,0.000380256150049077
"937","ASV157","SCF049-1",0,0
"938","ASV157","SCF049-2",0,0
"939","ASV157","SCF049-3",0,0
"940","ASV157","SCF055-1",0,0
"941","ASV157","SCF055-4",0,0
"942","ASV157","SCF055-5",244,0.000579890628824842
"943","ASV158","SCF049-1",0,0
"944","ASV158","SCF049-2",242,0.000773306235660282
"945","ASV158","SCF049-3",0,0
"946","ASV158","SCF055-1",0,0
"947","ASV158","SCF055-4",0,0
"948","ASV158","SCF055-5",0,0
"949","ASV159","SCF049-1",0,0
"950","ASV159","SCF049-2",0,0
"951","ASV159","SCF049-3",239,0.000503252188304756
"952","ASV159","SCF055-1",0,0
"953","ASV159","SCF055-4",0,0
"954","ASV159","SCF055-5",0,0
"955","ASV160","SCF049-1",0,0
"956","ASV160","SCF049-2",0,0
"957","ASV160","SCF049-3",0,0
"958","ASV160","SCF055-1",0,0
"959","ASV160","SCF055-4",78,0.000118994768806894
"960","ASV160","SCF055-5",161,0.000382632750986884
"961","ASV161","SCF049-1",0,0
"962","ASV161","SCF049-2",0,0
"963","ASV161","SCF049-3",235,0.000494829557538149
"964","ASV161","SCF055-1",0,0
"965","ASV161","SCF055-4",0,0
"966","ASV161","SCF055-5",0,0
"967","ASV162","SCF049-1",0,0
"968","ASV162","SCF049-2",232,0.000741351432533824
"969","ASV162","SCF049-3",0,0
"970","ASV162","SCF055-1",0,0
"971","ASV162","SCF055-4",0,0
"972","ASV162","SCF055-5",0,0
"973","ASV163","SCF049-1",226,0.000240069258918945
"974","ASV163","SCF049-2",0,0
"975","ASV163","SCF049-3",0,0
"976","ASV163","SCF055-1",0,0
"977","ASV163","SCF055-4",0,0
"978","ASV163","SCF055-5",0,0
"979","ASV164","SCF049-1",0,0
"980","ASV164","SCF049-2",0,0
"981","ASV164","SCF049-3",0,0
"982","ASV164","SCF055-1",50,0.000212089077412513
"983","ASV164","SCF055-4",73,0.000111366899011581
"984","ASV164","SCF055-5",103,0.000244789896594093
"985","ASV165","SCF049-1",0,0
"986","ASV165","SCF049-2",0,0
"987","ASV165","SCF049-3",0,0
"988","ASV165","SCF055-1",139,0.000589607635206787
"989","ASV165","SCF055-4",0,0
"990","ASV165","SCF055-5",83,0.000197257877837959
"991","ASV166","SCF049-1",0,0
"992","ASV166","SCF049-2",0,0
"993","ASV166","SCF049-3",0,0
"994","ASV166","SCF055-1",0,0
"995","ASV166","SCF055-4",0,0
"996","ASV166","SCF055-5",220,0.000522852206317481
"997","ASV167","SCF049-1",219,0.000232633485412606
"998","ASV167","SCF049-2",0,0
"999","ASV167","SCF049-3",0,0
"1000","ASV167","SCF055-1",0,0
"1001","ASV167","SCF055-4",0,0
"1002","ASV167","SCF055-5",0,0
"1003","ASV168","SCF049-1",96,0.000101976322372649
"1004","ASV168","SCF049-2",59,0.000188533338446102
"1005","ASV168","SCF049-3",64,0.000134762092265709
"1006","ASV168","SCF055-1",0,0
"1007","ASV168","SCF055-4",0,0
"1008","ASV168","SCF055-5",0,0
"1009","ASV169","SCF049-1",0,0
"1010","ASV169","SCF049-2",0,0
"1011","ASV169","SCF049-3",0,0
"1012","ASV169","SCF055-1",0,0
"1013","ASV169","SCF055-4",0,0
"1014","ASV169","SCF055-5",219,0.000520475605379674
"1015","ASV170","SCF049-1",0,0
"1016","ASV170","SCF049-2",0,0
"1017","ASV170","SCF049-3",0,0
"1018","ASV170","SCF055-1",0,0
"1019","ASV170","SCF055-4",0,0
"1020","ASV170","SCF055-5",215,0.000510969201628447
"1021","ASV171","SCF049-1",0,0
"1022","ASV171","SCF049-2",0,0
"1023","ASV171","SCF049-3",0,0
"1024","ASV171","SCF055-1",0,0
"1025","ASV171","SCF055-4",0,0
"1026","ASV171","SCF055-5",214,0.00050859260069064
"1027","ASV172","SCF049-1",0,0
"1028","ASV172","SCF049-2",0,0
"1029","ASV172","SCF049-3",0,0
"1030","ASV172","SCF055-1",0,0
"1031","ASV172","SCF055-4",0,0
"1032","ASV172","SCF055-5",213,0.000506215999752834
"1033","ASV173","SCF049-1",212,0.000225197711906267
"1034","ASV173","SCF049-2",0,0
"1035","ASV173","SCF049-3",0,0
"1036","ASV173","SCF055-1",0,0
"1037","ASV173","SCF055-4",0,0
"1038","ASV173","SCF055-5",0,0
"1039","ASV174","SCF049-1",205,0.000217761938399928
"1040","ASV174","SCF049-2",0,0
"1041","ASV174","SCF049-3",0,0
"1042","ASV174","SCF055-1",0,0
"1043","ASV174","SCF055-4",0,0
"1044","ASV174","SCF055-5",0,0
"1045","ASV175","SCF049-1",0,0
"1046","ASV175","SCF049-2",0,0
"1047","ASV175","SCF049-3",0,0
"1048","ASV175","SCF055-1",204,0.000865323435843054
"1049","ASV175","SCF055-4",0,0
"1050","ASV175","SCF055-5",0,0
"1051","ASV176","SCF049-1",0,0
"1052","ASV176","SCF049-2",0,0
"1053","ASV176","SCF049-3",0,0
"1054","ASV176","SCF055-1",0,0
"1055","ASV176","SCF055-4",202,0.000308165939730675
"1056","ASV176","SCF055-5",0,0
"1057","ASV177","SCF049-1",0,0
"1058","ASV177","SCF049-2",0,0
"1059","ASV177","SCF049-3",0,0
"1060","ASV177","SCF055-1",0,0
"1061","ASV177","SCF055-4",97,0.000147980674029087
"1062","ASV177","SCF055-5",105,0.000249543098469707
"1063","ASV178","SCF049-1",0,0
"1064","ASV178","SCF049-2",0,0
"1065","ASV178","SCF049-3",0,0
"1066","ASV178","SCF055-1",0,0
"1067","ASV178","SCF055-4",201,0.000306640365771612
"1068","ASV178","SCF055-5",0,0
"1069","ASV179","SCF049-1",0,0
"1070","ASV179","SCF049-2",0,0
"1071","ASV179","SCF049-3",198,0.000416920222947036
"1072","ASV179","SCF055-1",0,0
"1073","ASV179","SCF055-4",0,0
"1074","ASV179","SCF055-5",0,0
"1075","ASV180","SCF049-1",0,0
"1076","ASV180","SCF049-2",197,0.000629509621591221
"1077","ASV180","SCF049-3",0,0
"1078","ASV180","SCF055-1",0,0
"1079","ASV180","SCF055-4",0,0
"1080","ASV180","SCF055-5",0,0
"1081","ASV181","SCF049-1",194,0.000206077151461395
"1082","ASV181","SCF049-2",0,0
"1083","ASV181","SCF049-3",0,0
"1084","ASV181","SCF055-1",0,0
"1085","ASV181","SCF055-4",0,0
"1086","ASV181","SCF055-5",0,0
"1087","ASV182","SCF049-1",0,0
"1088","ASV182","SCF049-2",0,0
"1089","ASV182","SCF049-3",194,0.00040849759218043
"1090","ASV182","SCF055-1",0,0
"1091","ASV182","SCF055-4",0,0
"1092","ASV182","SCF055-5",0,0
"1093","ASV183","SCF049-1",0,0
"1094","ASV183","SCF049-2",0,0
"1095","ASV183","SCF049-3",0,0
"1096","ASV183","SCF055-1",0,0
"1097","ASV183","SCF055-4",193,0.00029443577409911
"1098","ASV183","SCF055-5",0,0
"1099","ASV184","SCF049-1",0,0
"1100","ASV184","SCF049-2",0,0
"1101","ASV184","SCF049-3",189,0.000397969303722171
"1102","ASV184","SCF055-1",0,0
"1103","ASV184","SCF055-4",0,0
"1104","ASV184","SCF055-5",0,0
"1105","ASV185","SCF049-1",0,0
"1106","ASV185","SCF049-2",0,0
"1107","ASV185","SCF049-3",188,0.000395863646030519
"1108","ASV185","SCF055-1",0,0
"1109","ASV185","SCF055-4",0,0
"1110","ASV185","SCF055-5",0,0
"1111","ASV186","SCF049-1",186,0.000197579124597008
"1112","ASV186","SCF049-2",0,0
"1113","ASV186","SCF049-3",0,0
"1114","ASV186","SCF055-1",0,0
"1115","ASV186","SCF055-4",0,0
"1116","ASV186","SCF055-5",0,0
"1117","ASV187","SCF049-1",0,0
"1118","ASV187","SCF049-2",186,0.000594359338152118
"1119","ASV187","SCF049-3",0,0
"1120","ASV187","SCF055-1",0,0
"1121","ASV187","SCF055-4",0,0
"1122","ASV187","SCF055-5",0,0
"1123","ASV188","SCF049-1",0,0
"1124","ASV188","SCF049-2",0,0
"1125","ASV188","SCF049-3",184,0.000387441015263913
"1126","ASV188","SCF055-1",0,0
"1127","ASV188","SCF055-4",0,0
"1128","ASV188","SCF055-5",0,0
"1129","ASV189","SCF049-1",0,0
"1130","ASV189","SCF049-2",0,0
"1131","ASV189","SCF049-3",0,0
"1132","ASV189","SCF055-1",0,0
"1133","ASV189","SCF055-4",0,0
"1134","ASV189","SCF055-5",182,0.000432541370680825
"1135","ASV190","SCF049-1",0,0
"1136","ASV190","SCF049-2",0,0
"1137","ASV190","SCF049-3",178,0.000374807069114002
"1138","ASV190","SCF055-1",0,0
"1139","ASV190","SCF055-4",0,0
"1140","ASV190","SCF055-5",0,0
"1141","ASV191","SCF049-1",0,0
"1142","ASV191","SCF049-2",0,0
"1143","ASV191","SCF049-3",0,0
"1144","ASV191","SCF055-1",178,0.000755037115588547
"1145","ASV191","SCF055-4",0,0
"1146","ASV191","SCF055-5",0,0
"1147","ASV192","SCF049-1",0,0
"1148","ASV192","SCF049-2",0,0
"1149","ASV192","SCF049-3",177,0.000372701411422351
"1150","ASV192","SCF055-1",0,0
"1151","ASV192","SCF055-4",0,0
"1152","ASV192","SCF055-5",0,0
"1153","ASV193","SCF049-1",176,0.000186956591016523
"1154","ASV193","SCF049-2",0,0
"1155","ASV193","SCF049-3",0,0
"1156","ASV193","SCF055-1",0,0
"1157","ASV193","SCF055-4",0,0
"1158","ASV193","SCF055-5",0,0
"1159","ASV194","SCF049-1",0,0
"1160","ASV194","SCF049-2",0,0
"1161","ASV194","SCF049-3",0,0
"1162","ASV194","SCF055-1",0,0
"1163","ASV194","SCF055-4",175,0.000266975442835981
"1164","ASV194","SCF055-5",0,0
"1165","ASV195","SCF049-1",0,0
"1166","ASV195","SCF049-2",0,0
"1167","ASV195","SCF049-3",0,0
"1168","ASV195","SCF055-1",0,0
"1169","ASV195","SCF055-4",0,0
"1170","ASV195","SCF055-5",175,0.000415905164116178
"1171","ASV196","SCF049-1",0,0
"1172","ASV196","SCF049-2",174,0.000556013574400368
"1173","ASV196","SCF049-3",0,0
"1174","ASV196","SCF055-1",0,0
"1175","ASV196","SCF055-4",0,0
"1176","ASV196","SCF055-5",0,0
"1177","ASV197","SCF049-1",173,0.000183769830942378
"1178","ASV197","SCF049-2",0,0
"1179","ASV197","SCF049-3",0,0
"1180","ASV197","SCF055-1",0,0
"1181","ASV197","SCF055-4",0,0
"1182","ASV197","SCF055-5",0,0
"1183","ASV198","SCF049-1",173,0.000183769830942378
"1184","ASV198","SCF049-2",0,0
"1185","ASV198","SCF049-3",0,0
"1186","ASV198","SCF055-1",0,0
"1187","ASV198","SCF055-4",0,0
"1188","ASV198","SCF055-5",0,0
"1189","ASV199","SCF049-1",0,0
"1190","ASV199","SCF049-2",0,0
"1191","ASV199","SCF049-3",173,0.000364278780655744
"1192","ASV199","SCF055-1",0,0
"1193","ASV199","SCF055-4",0,0
"1194","ASV199","SCF055-5",0,0
"1195","ASV200","SCF049-1",0,0
"1196","ASV200","SCF049-2",0,0
"1197","ASV200","SCF049-3",0,0
"1198","ASV200","SCF055-1",0,0
"1199","ASV200","SCF055-4",0,0
"1200","ASV200","SCF055-5",173,0.000411151962240564
"1201","ASV201","SCF049-1",0,0
"1202","ASV201","SCF049-2",0,0
"1203","ASV201","SCF049-3",0,0
"1204","ASV201","SCF055-1",0,0
"1205","ASV201","SCF055-4",0,0
"1206","ASV201","SCF055-5",173,0.000411151962240564
"1207","ASV202","SCF049-1",0,0
"1208","ASV202","SCF049-2",0,0
"1209","ASV202","SCF049-3",0,0
"1210","ASV202","SCF055-1",0,0
"1211","ASV202","SCF055-4",0,0
"1212","ASV202","SCF055-5",171,0.000406398760364951
"1213","ASV203","SCF049-1",0,0
"1214","ASV203","SCF049-2",0,0
"1215","ASV203","SCF049-3",0,0
"1216","ASV203","SCF055-1",0,0
"1217","ASV203","SCF055-4",0,0
"1218","ASV203","SCF055-5",171,0.000406398760364951
"1219","ASV204","SCF049-1",0,0
"1220","ASV204","SCF049-2",0,0
"1221","ASV204","SCF049-3",170,0.000357961807580789
"1222","ASV204","SCF055-1",0,0
"1223","ASV204","SCF055-4",0,0
"1224","ASV204","SCF055-5",0,0
"1225","ASV205","SCF049-1",166,0.000176334057436039
"1226","ASV205","SCF049-2",0,0
"1227","ASV205","SCF049-3",0,0
"1228","ASV205","SCF055-1",0,0
"1229","ASV205","SCF055-4",0,0
"1230","ASV205","SCF055-5",0,0
"1231","ASV206","SCF049-1",164,0.000174209550719942
"1232","ASV206","SCF049-2",0,0
"1233","ASV206","SCF049-3",0,0
"1234","ASV206","SCF055-1",0,0
"1235","ASV206","SCF055-4",0,0
"1236","ASV206","SCF055-5",0,0
"1237","ASV207","SCF049-1",0,0
"1238","ASV207","SCF049-2",0,0
"1239","ASV207","SCF049-3",0,0
"1240","ASV207","SCF055-1",164,0.000695652173913044
"1241","ASV207","SCF055-4",0,0
"1242","ASV207","SCF055-5",0,0
"1243","ASV208","SCF049-1",107,0.000113661109311182
"1244","ASV208","SCF049-2",56,0.000178946897508164
"1245","ASV208","SCF049-3",0,0
"1246","ASV208","SCF055-1",0,0
"1247","ASV208","SCF055-4",0,0
"1248","ASV208","SCF055-5",0,0
"1249","ASV209","SCF049-1",0,0
"1250","ASV209","SCF049-2",0,0
"1251","ASV209","SCF049-3",162,0.000341116546047575
"1252","ASV209","SCF055-1",0,0
"1253","ASV209","SCF055-4",0,0
"1254","ASV209","SCF055-5",0,0
"1255","ASV210","SCF049-1",0,0
"1256","ASV210","SCF049-2",161,0.000514472330335973
"1257","ASV210","SCF049-3",0,0
"1258","ASV210","SCF055-1",0,0
"1259","ASV210","SCF055-4",0,0
"1260","ASV210","SCF055-5",0,0
"1261","ASV211","SCF049-1",0,0
"1262","ASV211","SCF049-2",160,0.000511276850023327
"1263","ASV211","SCF049-3",0,0
"1264","ASV211","SCF055-1",0,0
"1265","ASV211","SCF055-4",0,0
"1266","ASV211","SCF055-5",0,0
"1267","ASV212","SCF049-1",0,0
"1268","ASV212","SCF049-2",0,0
"1269","ASV212","SCF049-3",0,0
"1270","ASV212","SCF055-1",0,0
"1271","ASV212","SCF055-4",160,0.00024409183345004
"1272","ASV212","SCF055-5",0,0
"1273","ASV213","SCF049-1",0,0
"1274","ASV213","SCF049-2",0,0
"1275","ASV213","SCF049-3",0,0
"1276","ASV213","SCF055-1",0,0
"1277","ASV213","SCF055-4",0,0
"1278","ASV213","SCF055-5",159,0.00037787954911127
"1279","ASV214","SCF049-1",0,0
"1280","ASV214","SCF049-2",0,0
"1281","ASV214","SCF049-3",158,0.000332693915280968
"1282","ASV214","SCF055-1",0,0
"1283","ASV214","SCF055-4",0,0
"1284","ASV214","SCF055-5",0,0
"1285","ASV215","SCF049-1",0,0
"1286","ASV215","SCF049-2",0,0
"1287","ASV215","SCF049-3",0,0
"1288","ASV215","SCF055-1",0,0
"1289","ASV215","SCF055-4",158,0.000241040685531914
"1290","ASV215","SCF055-5",0,0
"1291","ASV216","SCF049-1",0,0
"1292","ASV216","SCF049-2",0,0
"1293","ASV216","SCF049-3",0,0
"1294","ASV216","SCF055-1",157,0.000665959703075292
"1295","ASV216","SCF055-4",0,0
"1296","ASV216","SCF055-5",0,0
"1297","ASV217","SCF049-1",0,0
"1298","ASV217","SCF049-2",0,0
"1299","ASV217","SCF049-3",0,0
"1300","ASV217","SCF055-1",0,0
"1301","ASV217","SCF055-4",62,9.45855854618904e-05
"1302","ASV217","SCF055-5",93,0.000221023887216026
"1303","ASV218","SCF049-1",154,0.000163587017139458
"1304","ASV218","SCF049-2",0,0
"1305","ASV218","SCF049-3",0,0
"1306","ASV218","SCF055-1",0,0
"1307","ASV218","SCF055-4",0,0
"1308","ASV218","SCF055-5",0,0
"1309","ASV219","SCF049-1",0,0
"1310","ASV219","SCF049-2",0,0
"1311","ASV219","SCF049-3",0,0
"1312","ASV219","SCF055-1",0,0
"1313","ASV219","SCF055-4",154,0.000234938389695663
"1314","ASV219","SCF055-5",0,0
"1315","ASV220","SCF049-1",153,0.00016252476378141
"1316","ASV220","SCF049-2",0,0
"1317","ASV220","SCF049-3",0,0
"1318","ASV220","SCF055-1",0,0
"1319","ASV220","SCF055-4",0,0
"1320","ASV220","SCF055-5",0,0
"1321","ASV221","SCF049-1",0,0
"1322","ASV221","SCF049-2",0,0
"1323","ASV221","SCF049-3",0,0
"1324","ASV221","SCF055-1",0,0
"1325","ASV221","SCF055-4",152,0.000231887241777538
"1326","ASV221","SCF055-5",0,0
"1327","ASV222","SCF049-1",0,0
"1328","ASV222","SCF049-2",0,0
"1329","ASV222","SCF049-3",0,0
"1330","ASV222","SCF055-1",149,0.00063202545068929
"1331","ASV222","SCF055-4",0,0
"1332","ASV222","SCF055-5",0,0
"1333","ASV223","SCF049-1",148,0.000157213496991167
"1334","ASV223","SCF049-2",0,0
"1335","ASV223","SCF049-3",0,0
"1336","ASV223","SCF055-1",0,0
"1337","ASV223","SCF055-4",0,0
"1338","ASV223","SCF055-5",0,0
"1339","ASV224","SCF049-1",0,0
"1340","ASV224","SCF049-2",0,0
"1341","ASV224","SCF049-3",147,0.0003095316806728
"1342","ASV224","SCF055-1",0,0
"1343","ASV224","SCF055-4",0,0
"1344","ASV224","SCF055-5",0,0
"1345","ASV225","SCF049-1",0,0
"1346","ASV225","SCF049-2",0,0
"1347","ASV225","SCF049-3",0,0
"1348","ASV225","SCF055-1",146,0.000619300106044539
"1349","ASV225","SCF055-4",0,0
"1350","ASV225","SCF055-5",0,0
"1351","ASV226","SCF049-1",0,0
"1352","ASV226","SCF049-2",0,0
"1353","ASV226","SCF049-3",0,0
"1354","ASV226","SCF055-1",0,0
"1355","ASV226","SCF055-4",0,0
"1356","ASV226","SCF055-5",146,0.000346983736919783
"1357","ASV227","SCF049-1",0,0
"1358","ASV227","SCF049-2",145,0.00046334464533364
"1359","ASV227","SCF049-3",0,0
"1360","ASV227","SCF055-1",0,0
"1361","ASV227","SCF055-4",0,0
"1362","ASV227","SCF055-5",0,0
"1363","ASV228","SCF049-1",0,0
"1364","ASV228","SCF049-2",0,0
"1365","ASV228","SCF049-3",145,0.000305320365289496
"1366","ASV228","SCF055-1",0,0
"1367","ASV228","SCF055-4",0,0
"1368","ASV228","SCF055-5",0,0
"1369","ASV229","SCF049-1",0,0
"1370","ASV229","SCF049-2",0,0
"1371","ASV229","SCF049-3",0,0
"1372","ASV229","SCF055-1",145,0.000615058324496288
"1373","ASV229","SCF055-4",0,0
"1374","ASV229","SCF055-5",0,0
"1375","ASV230","SCF049-1",0,0
"1376","ASV230","SCF049-2",0,0
"1377","ASV230","SCF049-3",0,0
"1378","ASV230","SCF055-1",145,0.000615058324496288
"1379","ASV230","SCF055-4",0,0
"1380","ASV230","SCF055-5",0,0
"1381","ASV231","SCF049-1",0,0
"1382","ASV231","SCF049-2",0,0
"1383","ASV231","SCF049-3",0,0
"1384","ASV231","SCF055-1",0,0
"1385","ASV231","SCF055-4",145,0.000221208224064099
"1386","ASV231","SCF055-5",0,0
"1387","ASV232","SCF049-1",144,0.000152964483558974
"1388","ASV232","SCF049-2",0,0
"1389","ASV232","SCF049-3",0,0
"1390","ASV232","SCF055-1",0,0
"1391","ASV232","SCF055-4",0,0
"1392","ASV232","SCF055-5",0,0
"1393","ASV233","SCF049-1",0,0
"1394","ASV233","SCF049-2",0,0
"1395","ASV233","SCF049-3",144,0.000303214707597845
"1396","ASV233","SCF055-1",0,0
"1397","ASV233","SCF055-4",0,0
"1398","ASV233","SCF055-5",0,0
"1399","ASV234","SCF049-1",0,0
"1400","ASV234","SCF049-2",0,0
"1401","ASV234","SCF049-3",0,0
"1402","ASV234","SCF055-1",0,0
"1403","ASV234","SCF055-4",144,0.000219682650105036
"1404","ASV234","SCF055-5",0,0
"1405","ASV235","SCF049-1",0,0
"1406","ASV235","SCF049-2",0,0
"1407","ASV235","SCF049-3",0,0
"1408","ASV235","SCF055-1",0,0
"1409","ASV235","SCF055-4",52,7.93298458712629e-05
"1410","ASV235","SCF055-5",92,0.000218647286278219
"1411","ASV236","SCF049-1",0,0
"1412","ASV236","SCF049-2",0,0
"1413","ASV236","SCF049-3",0,0
"1414","ASV236","SCF055-1",0,0
"1415","ASV236","SCF055-4",0,0
"1416","ASV236","SCF055-5",144,0.000342230535044169
"1417","ASV237","SCF049-1",0,0
"1418","ASV237","SCF049-2",0,0
"1419","ASV237","SCF049-3",0,0
"1420","ASV237","SCF055-1",0,0
"1421","ASV237","SCF055-4",143,0.000218157076145973
"1422","ASV237","SCF055-5",0,0
"1423","ASV238","SCF049-1",0,0
"1424","ASV238","SCF049-2",0,0
"1425","ASV238","SCF049-3",0,0
"1426","ASV238","SCF055-1",0,0
"1427","ASV238","SCF055-4",0,0
"1428","ASV238","SCF055-5",143,0.000339853934106362
"1429","ASV239","SCF049-1",142,0.000150839976842877
"1430","ASV239","SCF049-2",0,0
"1431","ASV239","SCF049-3",0,0
"1432","ASV239","SCF055-1",0,0
"1433","ASV239","SCF055-4",0,0
"1434","ASV239","SCF055-5",0,0
"1435","ASV240","SCF049-1",0,0
"1436","ASV240","SCF049-2",0,0
"1437","ASV240","SCF049-3",142,0.000299003392214541
"1438","ASV240","SCF055-1",0,0
"1439","ASV240","SCF055-4",0,0
"1440","ASV240","SCF055-5",0,0
"1441","ASV241","SCF049-1",0,0
"1442","ASV241","SCF049-2",0,0
"1443","ASV241","SCF049-3",0,0
"1444","ASV241","SCF055-1",142,0.000602332979851538
"1445","ASV241","SCF055-4",0,0
"1446","ASV241","SCF055-5",0,0
"1447","ASV242","SCF049-1",141,0.000149777723484828
"1448","ASV242","SCF049-2",0,0
"1449","ASV242","SCF049-3",0,0
"1450","ASV242","SCF055-1",0,0
"1451","ASV242","SCF055-4",0,0
"1452","ASV242","SCF055-5",0,0
"1453","ASV243","SCF049-1",0,0
"1454","ASV243","SCF049-2",141,0.000450562724083057
"1455","ASV243","SCF049-3",0,0
"1456","ASV243","SCF055-1",0,0
"1457","ASV243","SCF055-4",0,0
"1458","ASV243","SCF055-5",0,0
"1459","ASV244","SCF049-1",0,0
"1460","ASV244","SCF049-2",0,0
"1461","ASV244","SCF049-3",0,0
"1462","ASV244","SCF055-1",137,0.000581124072110286
"1463","ASV244","SCF055-4",0,0
"1464","ASV244","SCF055-5",0,0
"1465","ASV245","SCF049-1",0,0
"1466","ASV245","SCF049-2",0,0
"1467","ASV245","SCF049-3",0,0
"1468","ASV245","SCF055-1",0,0
"1469","ASV245","SCF055-4",137,0.000209003632391597
"1470","ASV245","SCF055-5",0,0
"1471","ASV246","SCF049-1",0,0
"1472","ASV246","SCF049-2",0,0
"1473","ASV246","SCF049-3",0,0
"1474","ASV246","SCF055-1",136,0.000576882290562036
"1475","ASV246","SCF055-4",0,0
"1476","ASV246","SCF055-5",0,0
"1477","ASV247","SCF049-1",0,0
"1478","ASV247","SCF049-2",0,0
"1479","ASV247","SCF049-3",135,0.000284263788372979
"1480","ASV247","SCF055-1",0,0
"1481","ASV247","SCF055-4",0,0
"1482","ASV247","SCF055-5",0,0
"1483","ASV248","SCF049-1",0,0
"1484","ASV248","SCF049-2",0,0
"1485","ASV248","SCF049-3",0,0
"1486","ASV248","SCF055-1",0,0
"1487","ASV248","SCF055-4",135,0.000205952484473471
"1488","ASV248","SCF055-5",0,0
"1489","ASV249","SCF049-1",0,0
"1490","ASV249","SCF049-2",0,0
"1491","ASV249","SCF049-3",134,0.000282158130681328
"1492","ASV249","SCF055-1",0,0
"1493","ASV249","SCF055-4",0,0
"1494","ASV249","SCF055-5",0,0
"1495","ASV250","SCF049-1",0,0
"1496","ASV250","SCF049-2",0,0
"1497","ASV250","SCF049-3",0,0
"1498","ASV250","SCF055-1",0,0
"1499","ASV250","SCF055-4",134,0.000204426910514408
"1500","ASV250","SCF055-5",0,0
"1501","ASV251","SCF049-1",133,0.000141279696620441
"1502","ASV251","SCF049-2",0,0
"1503","ASV251","SCF049-3",0,0
"1504","ASV251","SCF055-1",0,0
"1505","ASV251","SCF055-4",0,0
"1506","ASV251","SCF055-5",0,0
"1507","ASV252","SCF049-1",0,0
"1508","ASV252","SCF049-2",0,0
"1509","ASV252","SCF049-3",0,0
"1510","ASV252","SCF055-1",0,0
"1511","ASV252","SCF055-4",0,0
"1512","ASV252","SCF055-5",133,0.000316087924728295
"1513","ASV253","SCF049-1",132,0.000140217443262393
"1514","ASV253","SCF049-2",0,0
"1515","ASV253","SCF049-3",0,0
"1516","ASV253","SCF055-1",0,0
"1517","ASV253","SCF055-4",0,0
"1518","ASV253","SCF055-5",0,0
"1519","ASV254","SCF049-1",0,0
"1520","ASV254","SCF049-2",0,0
"1521","ASV254","SCF049-3",0,0
"1522","ASV254","SCF055-1",0,0
"1523","ASV254","SCF055-4",0,0
"1524","ASV254","SCF055-5",132,0.000313711323790488
"1525","ASV255","SCF049-1",0,0
"1526","ASV255","SCF049-2",0,0
"1527","ASV255","SCF049-3",0,0
"1528","ASV255","SCF055-1",0,0
"1529","ASV255","SCF055-4",131,0.00019985018863722
"1530","ASV255","SCF055-5",0,0
"1531","ASV256","SCF049-1",0,0
"1532","ASV256","SCF049-2",0,0
"1533","ASV256","SCF049-3",0,0
"1534","ASV256","SCF055-1",0,0
"1535","ASV256","SCF055-4",131,0.00019985018863722
"1536","ASV256","SCF055-5",0,0
"1537","ASV257","SCF049-1",0,0
"1538","ASV257","SCF049-2",130,0.000415412440643953
"1539","ASV257","SCF049-3",0,0
"1540","ASV257","SCF055-1",0,0
"1541","ASV257","SCF055-4",0,0
"1542","ASV257","SCF055-5",0,0
"1543","ASV258","SCF049-1",0,0
"1544","ASV258","SCF049-2",0,0
"1545","ASV258","SCF049-3",0,0
"1546","ASV258","SCF055-1",0,0
"1547","ASV258","SCF055-4",129,0.000196799040719095
"1548","ASV258","SCF055-5",0,0
"1549","ASV259","SCF049-1",0,0
"1550","ASV259","SCF049-2",0,0
"1551","ASV259","SCF049-3",128,0.000269524184531417
"1552","ASV259","SCF055-1",0,0
"1553","ASV259","SCF055-4",0,0
"1554","ASV259","SCF055-5",0,0
"1555","ASV260","SCF049-1",127,0.00013490617647215
"1556","ASV260","SCF049-2",0,0
"1557","ASV260","SCF049-3",0,0
"1558","ASV260","SCF055-1",0,0
"1559","ASV260","SCF055-4",0,0
"1560","ASV260","SCF055-5",0,0
"1561","ASV261","SCF049-1",0,0
"1562","ASV261","SCF049-2",0,0
"1563","ASV261","SCF049-3",0,0
"1564","ASV261","SCF055-1",0,0
"1565","ASV261","SCF055-4",44,6.71252541987609e-05
"1566","ASV261","SCF055-5",83,0.000197257877837959
"1567","ASV262","SCF049-1",126,0.000133843923114102
"1568","ASV262","SCF049-2",0,0
"1569","ASV262","SCF049-3",0,0
"1570","ASV262","SCF055-1",0,0
"1571","ASV262","SCF055-4",0,0
"1572","ASV262","SCF055-5",0,0
"1573","ASV263","SCF049-1",0,0
"1574","ASV263","SCF049-2",126,0.00040263051939337
"1575","ASV263","SCF049-3",0,0
"1576","ASV263","SCF055-1",0,0
"1577","ASV263","SCF055-4",0,0
"1578","ASV263","SCF055-5",0,0
"1579","ASV264","SCF049-1",0,0
"1580","ASV264","SCF049-2",0,0
"1581","ASV264","SCF049-3",0,0
"1582","ASV264","SCF055-1",125,0.000530222693531283
"1583","ASV264","SCF055-4",0,0
"1584","ASV264","SCF055-5",0,0
"1585","ASV265","SCF049-1",0,0
"1586","ASV265","SCF049-2",0,0
"1587","ASV265","SCF049-3",0,0
"1588","ASV265","SCF055-1",125,0.000530222693531283
"1589","ASV265","SCF055-4",0,0
"1590","ASV265","SCF055-5",0,0
"1591","ASV266","SCF049-1",0,0
"1592","ASV266","SCF049-2",0,0
"1593","ASV266","SCF049-3",0,0
"1594","ASV266","SCF055-1",0,0
"1595","ASV266","SCF055-4",0,0
"1596","ASV266","SCF055-5",125,0.000297075117225841
"1597","ASV267","SCF049-1",124,0.000131719416398005
"1598","ASV267","SCF049-2",0,0
"1599","ASV267","SCF049-3",0,0
"1600","ASV267","SCF055-1",0,0
"1601","ASV267","SCF055-4",0,0
"1602","ASV267","SCF055-5",0,0
"1603","ASV268","SCF049-1",123,0.000130657163039957
"1604","ASV268","SCF049-2",0,0
"1605","ASV268","SCF049-3",0,0
"1606","ASV268","SCF055-1",0,0
"1607","ASV268","SCF055-4",0,0
"1608","ASV268","SCF055-5",0,0
"1609","ASV269","SCF049-1",123,0.000130657163039957
"1610","ASV269","SCF049-2",0,0
"1611","ASV269","SCF049-3",0,0
"1612","ASV269","SCF055-1",0,0
"1613","ASV269","SCF055-4",0,0
"1614","ASV269","SCF055-5",0,0
"1615","ASV270","SCF049-1",0,0
"1616","ASV270","SCF049-2",0,0
"1617","ASV270","SCF049-3",0,0
"1618","ASV270","SCF055-1",0,0
"1619","ASV270","SCF055-4",0,0
"1620","ASV270","SCF055-5",123,0.000292321915350228
"1621","ASV271","SCF049-1",0,0
"1622","ASV271","SCF049-2",0,0
"1623","ASV271","SCF049-3",0,0
"1624","ASV271","SCF055-1",0,0
"1625","ASV271","SCF055-4",0,0
"1626","ASV271","SCF055-5",123,0.000292321915350228
"1627","ASV272","SCF049-1",0,0
"1628","ASV272","SCF049-2",0,0
"1629","ASV272","SCF049-3",122,0.000256890238381507
"1630","ASV272","SCF055-1",0,0
"1631","ASV272","SCF055-4",0,0
"1632","ASV272","SCF055-5",0,0
"1633","ASV273","SCF049-1",0,0
"1634","ASV273","SCF049-2",0,0
"1635","ASV273","SCF049-3",0,0
"1636","ASV273","SCF055-1",122,0.000517497348886532
"1637","ASV273","SCF055-4",0,0
"1638","ASV273","SCF055-5",0,0
"1639","ASV274","SCF049-1",0,0
"1640","ASV274","SCF049-2",0,0
"1641","ASV274","SCF049-3",0,0
"1642","ASV274","SCF055-1",0,0
"1643","ASV274","SCF055-4",0,0
"1644","ASV274","SCF055-5",122,0.000289945314412421
"1645","ASV275","SCF049-1",0,0
"1646","ASV275","SCF049-2",0,0
"1647","ASV275","SCF049-3",0,0
"1648","ASV275","SCF055-1",0,0
"1649","ASV275","SCF055-4",121,0.000184594449046593
"1650","ASV275","SCF055-5",0,0
"1651","ASV276","SCF049-1",120,0.000127470402965811
"1652","ASV276","SCF049-2",0,0
"1653","ASV276","SCF049-3",0,0
"1654","ASV276","SCF055-1",0,0
"1655","ASV276","SCF055-4",0,0
"1656","ASV276","SCF055-5",0,0
"1657","ASV277","SCF049-1",0,0
"1658","ASV277","SCF049-2",0,0
"1659","ASV277","SCF049-3",0,0
"1660","ASV277","SCF055-1",120,0.000509013785790032
"1661","ASV277","SCF055-4",0,0
"1662","ASV277","SCF055-5",0,0
"1663","ASV278","SCF049-1",119,0.000126408149607763
"1664","ASV278","SCF049-2",0,0
"1665","ASV278","SCF049-3",0,0
"1666","ASV278","SCF055-1",0,0
"1667","ASV278","SCF055-4",0,0
"1668","ASV278","SCF055-5",0,0
"1669","ASV279","SCF049-1",0,0
"1670","ASV279","SCF049-2",0,0
"1671","ASV279","SCF049-3",119,0.000250573265306552
"1672","ASV279","SCF055-1",0,0
"1673","ASV279","SCF055-4",0,0
"1674","ASV279","SCF055-5",0,0
"1675","ASV280","SCF049-1",0,0
"1676","ASV280","SCF049-2",0,0
"1677","ASV280","SCF049-3",0,0
"1678","ASV280","SCF055-1",119,0.000504772004241782
"1679","ASV280","SCF055-4",0,0
"1680","ASV280","SCF055-5",0,0
"1681","ASV281","SCF049-1",0,0
"1682","ASV281","SCF049-2",0,0
"1683","ASV281","SCF049-3",0,0
"1684","ASV281","SCF055-1",0,0
"1685","ASV281","SCF055-4",119,0.000181543301128467
"1686","ASV281","SCF055-5",0,0
"1687","ASV282","SCF049-1",0,0
"1688","ASV282","SCF049-2",0,0
"1689","ASV282","SCF049-3",0,0
"1690","ASV282","SCF055-1",0,0
"1691","ASV282","SCF055-4",0,0
"1692","ASV282","SCF055-5",119,0.000282815511599001
"1693","ASV283","SCF049-1",0,0
"1694","ASV283","SCF049-2",118,0.000377066676892204
"1695","ASV283","SCF049-3",0,0
"1696","ASV283","SCF055-1",0,0
"1697","ASV283","SCF055-4",0,0
"1698","ASV283","SCF055-5",0,0
"1699","ASV284","SCF049-1",0,0
"1700","ASV284","SCF049-2",0,0
"1701","ASV284","SCF049-3",117,0.000246361949923249
"1702","ASV284","SCF055-1",0,0
"1703","ASV284","SCF055-4",0,0
"1704","ASV284","SCF055-5",0,0
"1705","ASV285","SCF049-1",0,0
"1706","ASV285","SCF049-2",0,0
"1707","ASV285","SCF049-3",0,0
"1708","ASV285","SCF055-1",0,0
"1709","ASV285","SCF055-4",117,0.000178492153210342
"1710","ASV285","SCF055-5",0,0
"1711","ASV286","SCF049-1",0,0
"1712","ASV286","SCF049-2",0,0
"1713","ASV286","SCF049-3",0,0
"1714","ASV286","SCF055-1",0,0
"1715","ASV286","SCF055-4",0,0
"1716","ASV286","SCF055-5",117,0.000278062309723387
"1717","ASV287","SCF049-1",116,0.000123221389533618
"1718","ASV287","SCF049-2",0,0
"1719","ASV287","SCF049-3",0,0
"1720","ASV287","SCF055-1",0,0
"1721","ASV287","SCF055-4",0,0
"1722","ASV287","SCF055-5",0,0
"1723","ASV288","SCF049-1",116,0.000123221389533618
"1724","ASV288","SCF049-2",0,0
"1725","ASV288","SCF049-3",0,0
"1726","ASV288","SCF055-1",0,0
"1727","ASV288","SCF055-4",0,0
"1728","ASV288","SCF055-5",0,0
"1729","ASV289","SCF049-1",0,0
"1730","ASV289","SCF049-2",0,0
"1731","ASV289","SCF049-3",0,0
"1732","ASV289","SCF055-1",0,0
"1733","ASV289","SCF055-4",115,0.000175441005292216
"1734","ASV289","SCF055-5",0,0
"1735","ASV290","SCF049-1",0,0
"1736","ASV290","SCF049-2",0,0
"1737","ASV290","SCF049-3",0,0
"1738","ASV290","SCF055-1",114,0.00048356309650053
"1739","ASV290","SCF055-4",0,0
"1740","ASV290","SCF055-5",0,0
"1741","ASV291","SCF049-1",0,0
"1742","ASV291","SCF049-2",0,0
"1743","ASV291","SCF049-3",0,0
"1744","ASV291","SCF055-1",0,0
"1745","ASV291","SCF055-4",0,0
"1746","ASV291","SCF055-5",114,0.000270932506909967
"1747","ASV292","SCF049-1",113,0.000120034629459472
"1748","ASV292","SCF049-2",0,0
"1749","ASV292","SCF049-3",0,0
"1750","ASV292","SCF055-1",0,0
"1751","ASV292","SCF055-4",0,0
"1752","ASV292","SCF055-5",0,0
"1753","ASV293","SCF049-1",0,0
"1754","ASV293","SCF049-2",0,0
"1755","ASV293","SCF049-3",0,0
"1756","ASV293","SCF055-1",113,0.00047932131495228
"1757","ASV293","SCF055-4",0,0
"1758","ASV293","SCF055-5",0,0
"1759","ASV294","SCF049-1",112,0.000118972376101424
"1760","ASV294","SCF049-2",0,0
"1761","ASV294","SCF049-3",0,0
"1762","ASV294","SCF055-1",0,0
"1763","ASV294","SCF055-4",0,0
"1764","ASV294","SCF055-5",0,0
"1765","ASV295","SCF049-1",112,0.000118972376101424
"1766","ASV295","SCF049-2",0,0
"1767","ASV295","SCF049-3",0,0
"1768","ASV295","SCF055-1",0,0
"1769","ASV295","SCF055-4",0,0
"1770","ASV295","SCF055-5",0,0
"1771","ASV296","SCF049-1",110,0.000116847869385327
"1772","ASV296","SCF049-2",0,0
"1773","ASV296","SCF049-3",0,0
"1774","ASV296","SCF055-1",0,0
"1775","ASV296","SCF055-4",0,0
"1776","ASV296","SCF055-5",0,0
"1777","ASV297","SCF049-1",0,0
"1778","ASV297","SCF049-2",0,0
"1779","ASV297","SCF049-3",0,0
"1780","ASV297","SCF055-1",0,0
"1781","ASV297","SCF055-4",110,0.000167813135496902
"1782","ASV297","SCF055-5",0,0
"1783","ASV298","SCF049-1",109,0.000115785616027279
"1784","ASV298","SCF049-2",0,0
"1785","ASV298","SCF049-3",0,0
"1786","ASV298","SCF055-1",0,0
"1787","ASV298","SCF055-4",0,0
"1788","ASV298","SCF055-5",0,0
"1789","ASV299","SCF049-1",109,0.000115785616027279
"1790","ASV299","SCF049-2",0,0
"1791","ASV299","SCF049-3",0,0
"1792","ASV299","SCF055-1",0,0
"1793","ASV299","SCF055-4",0,0
"1794","ASV299","SCF055-5",0,0
"1795","ASV300","SCF049-1",0,0
"1796","ASV300","SCF049-2",0,0
"1797","ASV300","SCF049-3",0,0
"1798","ASV300","SCF055-1",107,0.000453870625662778
"1799","ASV300","SCF055-4",0,0
"1800","ASV300","SCF055-5",0,0
"1801","ASV301","SCF049-1",0,0
"1802","ASV301","SCF049-2",0,0
"1803","ASV301","SCF049-3",0,0
"1804","ASV301","SCF055-1",0,0
"1805","ASV301","SCF055-4",107,0.000163236413619714
"1806","ASV301","SCF055-5",0,0
"1807","ASV302","SCF049-1",0,0
"1808","ASV302","SCF049-2",0,0
"1809","ASV302","SCF049-3",0,0
"1810","ASV302","SCF055-1",0,0
"1811","ASV302","SCF055-4",107,0.000163236413619714
"1812","ASV302","SCF055-5",0,0
"1813","ASV303","SCF049-1",0,0
"1814","ASV303","SCF049-2",0,0
"1815","ASV303","SCF049-3",0,0
"1816","ASV303","SCF055-1",0,0
"1817","ASV303","SCF055-4",0,0
"1818","ASV303","SCF055-5",107,0.00025429630034532
"1819","ASV304","SCF049-1",106,0.000112598855953133
"1820","ASV304","SCF049-2",0,0
"1821","ASV304","SCF049-3",0,0
"1822","ASV304","SCF055-1",0,0
"1823","ASV304","SCF055-4",0,0
"1824","ASV304","SCF055-5",0,0
"1825","ASV305","SCF049-1",0,0
"1826","ASV305","SCF049-2",106,0.000338720913140454
"1827","ASV305","SCF049-3",0,0
"1828","ASV305","SCF055-1",0,0
"1829","ASV305","SCF055-4",0,0
"1830","ASV305","SCF055-5",0,0
"1831","ASV306","SCF049-1",0,0
"1832","ASV306","SCF049-2",0,0
"1833","ASV306","SCF049-3",106,0.00022319971531508
"1834","ASV306","SCF055-1",0,0
"1835","ASV306","SCF055-4",0,0
"1836","ASV306","SCF055-5",0,0
"1837","ASV307","SCF049-1",0,0
"1838","ASV307","SCF049-2",105,0.000335525432827808
"1839","ASV307","SCF049-3",0,0
"1840","ASV307","SCF055-1",0,0
"1841","ASV307","SCF055-4",0,0
"1842","ASV307","SCF055-5",0,0
"1843","ASV308","SCF049-1",104,0.000110474349237037
"1844","ASV308","SCF049-2",0,0
"1845","ASV308","SCF049-3",0,0
"1846","ASV308","SCF055-1",0,0
"1847","ASV308","SCF055-4",0,0
"1848","ASV308","SCF055-5",0,0
"1849","ASV309","SCF049-1",104,0.000110474349237037
"1850","ASV309","SCF049-2",0,0
"1851","ASV309","SCF049-3",0,0
"1852","ASV309","SCF055-1",0,0
"1853","ASV309","SCF055-4",0,0
"1854","ASV309","SCF055-5",0,0
"1855","ASV310","SCF049-1",0,0
"1856","ASV310","SCF049-2",104,0.000332329952515163
"1857","ASV310","SCF049-3",0,0
"1858","ASV310","SCF055-1",0,0
"1859","ASV310","SCF055-4",0,0
"1860","ASV310","SCF055-5",0,0
"1861","ASV311","SCF049-1",0,0
"1862","ASV311","SCF049-2",0,0
"1863","ASV311","SCF049-3",104,0.000218988399931777
"1864","ASV311","SCF055-1",0,0
"1865","ASV311","SCF055-4",0,0
"1866","ASV311","SCF055-5",0,0
"1867","ASV312","SCF049-1",0,0
"1868","ASV312","SCF049-2",0,0
"1869","ASV312","SCF049-3",0,0
"1870","ASV312","SCF055-1",104,0.000441145281018028
"1871","ASV312","SCF055-4",0,0
"1872","ASV312","SCF055-5",0,0
"1873","ASV313","SCF049-1",0,0
"1874","ASV313","SCF049-2",0,0
"1875","ASV313","SCF049-3",0,0
"1876","ASV313","SCF055-1",0,0
"1877","ASV313","SCF055-4",0,0
"1878","ASV313","SCF055-5",104,0.0002471664975319
"1879","ASV314","SCF049-1",0,0
"1880","ASV314","SCF049-2",0,0
"1881","ASV314","SCF049-3",103,0.000216882742240125
"1882","ASV314","SCF055-1",0,0
"1883","ASV314","SCF055-4",0,0
"1884","ASV314","SCF055-5",0,0
"1885","ASV315","SCF049-1",102,0.00010834984252094
"1886","ASV315","SCF049-2",0,0
"1887","ASV315","SCF049-3",0,0
"1888","ASV315","SCF055-1",0,0
"1889","ASV315","SCF055-4",0,0
"1890","ASV315","SCF055-5",0,0
"1891","ASV316","SCF049-1",102,0.00010834984252094
"1892","ASV316","SCF049-2",0,0
"1893","ASV316","SCF049-3",0,0
"1894","ASV316","SCF055-1",0,0
"1895","ASV316","SCF055-4",0,0
"1896","ASV316","SCF055-5",0,0
"1897","ASV317","SCF049-1",102,0.00010834984252094
"1898","ASV317","SCF049-2",0,0
"1899","ASV317","SCF049-3",0,0
"1900","ASV317","SCF055-1",0,0
"1901","ASV317","SCF055-4",0,0
"1902","ASV317","SCF055-5",0,0
"1903","ASV318","SCF049-1",0,0
"1904","ASV318","SCF049-2",0,0
"1905","ASV318","SCF049-3",0,0
"1906","ASV318","SCF055-1",0,0
"1907","ASV318","SCF055-4",0,0
"1908","ASV318","SCF055-5",102,0.000242413295656286
"1909","ASV319","SCF049-1",101,0.000107287589162891
"1910","ASV319","SCF049-2",0,0
"1911","ASV319","SCF049-3",0,0
"1912","ASV319","SCF055-1",0,0
"1913","ASV319","SCF055-4",0,0
"1914","ASV319","SCF055-5",0,0
"1915","ASV320","SCF049-1",0,0
"1916","ASV320","SCF049-2",101,0.000322743511577225
"1917","ASV320","SCF049-3",0,0
"1918","ASV320","SCF055-1",0,0
"1919","ASV320","SCF055-4",0,0
"1920","ASV320","SCF055-5",0,0
"1921","ASV321","SCF049-1",0,0
"1922","ASV321","SCF049-2",0,0
"1923","ASV321","SCF049-3",0,0
"1924","ASV321","SCF055-1",0,0
"1925","ASV321","SCF055-4",101,0.000154082969865338
"1926","ASV321","SCF055-5",0,0
"1927","ASV322","SCF049-1",0,0
"1928","ASV322","SCF049-2",0,0
"1929","ASV322","SCF049-3",0,0
"1930","ASV322","SCF055-1",0,0
"1931","ASV322","SCF055-4",101,0.000154082969865338
"1932","ASV322","SCF055-5",0,0
"1933","ASV323","SCF049-1",100,0.000106225335804843
"1934","ASV323","SCF049-2",0,0
"1935","ASV323","SCF049-3",0,0
"1936","ASV323","SCF055-1",0,0
"1937","ASV323","SCF055-4",0,0
"1938","ASV323","SCF055-5",0,0
"1939","ASV324","SCF049-1",0,0
"1940","ASV324","SCF049-2",0,0
"1941","ASV324","SCF049-3",100,0.00021056576916517
"1942","ASV324","SCF055-1",0,0
"1943","ASV324","SCF055-4",0,0
"1944","ASV324","SCF055-5",0,0
"1945","ASV325","SCF049-1",99,0.000105163082446794
"1946","ASV325","SCF049-2",0,0
"1947","ASV325","SCF049-3",0,0
"1948","ASV325","SCF055-1",0,0
"1949","ASV325","SCF055-4",0,0
"1950","ASV325","SCF055-5",0,0
"1951","ASV326","SCF049-1",0,0
"1952","ASV326","SCF049-2",0,0
"1953","ASV326","SCF049-3",0,0
"1954","ASV326","SCF055-1",99,0.000419936373276776
"1955","ASV326","SCF055-4",0,0
"1956","ASV326","SCF055-5",0,0
"1957","ASV327","SCF049-1",0,0
"1958","ASV327","SCF049-2",0,0
"1959","ASV327","SCF049-3",0,0
"1960","ASV327","SCF055-1",0,0
"1961","ASV327","SCF055-4",99,0.000151031821947212
"1962","ASV327","SCF055-5",0,0
"1963","ASV328","SCF049-1",0,0
"1964","ASV328","SCF049-2",0,0
"1965","ASV328","SCF049-3",0,0
"1966","ASV328","SCF055-1",0,0
"1967","ASV328","SCF055-4",99,0.000151031821947212
"1968","ASV328","SCF055-5",0,0
"1969","ASV329","SCF049-1",98,0.000104100829088746
"1970","ASV329","SCF049-2",0,0
"1971","ASV329","SCF049-3",0,0
"1972","ASV329","SCF055-1",0,0
"1973","ASV329","SCF055-4",0,0
"1974","ASV329","SCF055-5",0,0
"1975","ASV330","SCF049-1",0,0
"1976","ASV330","SCF049-2",0,0
"1977","ASV330","SCF049-3",0,0
"1978","ASV330","SCF055-1",0,0
"1979","ASV330","SCF055-4",98,0.000149506247988149
"1980","ASV330","SCF055-5",0,0
"1981","ASV331","SCF049-1",0,0
"1982","ASV331","SCF049-2",0,0
"1983","ASV331","SCF049-3",0,0
"1984","ASV331","SCF055-1",0,0
"1985","ASV331","SCF055-4",0,0
"1986","ASV331","SCF055-5",98,0.00023290689190506
"1987","ASV332","SCF049-1",0,0
"1988","ASV332","SCF049-2",0,0
"1989","ASV332","SCF049-3",0,0
"1990","ASV332","SCF055-1",0,0
"1991","ASV332","SCF055-4",97,0.000147980674029087
"1992","ASV332","SCF055-5",0,0
"1993","ASV333","SCF049-1",0,0
"1994","ASV333","SCF049-2",0,0
"1995","ASV333","SCF049-3",96,0.000202143138398563
"1996","ASV333","SCF055-1",0,0
"1997","ASV333","SCF055-4",0,0
"1998","ASV333","SCF055-5",0,0
"1999","ASV334","SCF049-1",0,0
"2000","ASV334","SCF049-2",0,0
"2001","ASV334","SCF049-3",0,0
"2002","ASV334","SCF055-1",0,0
"2003","ASV334","SCF055-4",96,0.000146455100070024
"2004","ASV334","SCF055-5",0,0
"2005","ASV335","SCF049-1",0,0
"2006","ASV335","SCF049-2",0,0
"2007","ASV335","SCF049-3",0,0
"2008","ASV335","SCF055-1",0,0
"2009","ASV335","SCF055-4",96,0.000146455100070024
"2010","ASV335","SCF055-5",0,0
"2011","ASV336","SCF049-1",0,0
"2012","ASV336","SCF049-2",95,0.00030357062970135
"2013","ASV336","SCF049-3",0,0
"2014","ASV336","SCF055-1",0,0
"2015","ASV336","SCF055-4",0,0
"2016","ASV336","SCF055-5",0,0
"2017","ASV337","SCF049-1",0,0
"2018","ASV337","SCF049-2",0,0
"2019","ASV337","SCF049-3",95,0.000200037480706911
"2020","ASV337","SCF055-1",0,0
"2021","ASV337","SCF055-4",0,0
"2022","ASV337","SCF055-5",0,0
"2023","ASV338","SCF049-1",0,0
"2024","ASV338","SCF049-2",0,0
"2025","ASV338","SCF049-3",0,0
"2026","ASV338","SCF055-1",95,0.000402969247083775
"2027","ASV338","SCF055-4",0,0
"2028","ASV338","SCF055-5",0,0
"2029","ASV339","SCF049-1",94,9.98518156565522e-05
"2030","ASV339","SCF049-2",0,0
"2031","ASV339","SCF049-3",0,0
"2032","ASV339","SCF055-1",0,0
"2033","ASV339","SCF055-4",0,0
"2034","ASV339","SCF055-5",0,0
"2035","ASV340","SCF049-1",0,0
"2036","ASV340","SCF049-2",0,0
"2037","ASV340","SCF049-3",0,0
"2038","ASV340","SCF055-1",0,0
"2039","ASV340","SCF055-4",0,0
"2040","ASV340","SCF055-5",94,0.000223400488153833
"2041","ASV341","SCF049-1",93,9.87895622985038e-05
"2042","ASV341","SCF049-2",0,0
"2043","ASV341","SCF049-3",0,0
"2044","ASV341","SCF055-1",0,0
"2045","ASV341","SCF055-4",0,0
"2046","ASV341","SCF055-5",0,0
"2047","ASV342","SCF049-1",0,0
"2048","ASV342","SCF049-2",93,0.000297179669076059
"2049","ASV342","SCF049-3",0,0
"2050","ASV342","SCF055-1",0,0
"2051","ASV342","SCF055-4",0,0
"2052","ASV342","SCF055-5",0,0
"2053","ASV343","SCF049-1",0,0
"2054","ASV343","SCF049-2",0,0
"2055","ASV343","SCF049-3",0,0
"2056","ASV343","SCF055-1",0,0
"2057","ASV343","SCF055-4",93,0.000141878378192836
"2058","ASV343","SCF055-5",0,0
"2059","ASV344","SCF049-1",92,9.77273089404554e-05
"2060","ASV344","SCF049-2",0,0
"2061","ASV344","SCF049-3",0,0
"2062","ASV344","SCF055-1",0,0
"2063","ASV344","SCF055-4",0,0
"2064","ASV344","SCF055-5",0,0
"2065","ASV345","SCF049-1",0,0
"2066","ASV345","SCF049-2",92,0.000293984188763413
"2067","ASV345","SCF049-3",0,0
"2068","ASV345","SCF055-1",0,0
"2069","ASV345","SCF055-4",0,0
"2070","ASV345","SCF055-5",0,0
"2071","ASV346","SCF049-1",0,0
"2072","ASV346","SCF049-2",0,0
"2073","ASV346","SCF049-3",0,0
"2074","ASV346","SCF055-1",0,0
"2075","ASV346","SCF055-4",91,0.00013882723027471
"2076","ASV346","SCF055-5",0,0
"2077","ASV347","SCF049-1",0,0
"2078","ASV347","SCF049-2",0,0
"2079","ASV347","SCF049-3",0,0
"2080","ASV347","SCF055-1",0,0
"2081","ASV347","SCF055-4",0,0
"2082","ASV347","SCF055-5",91,0.000216270685340412
"2083","ASV348","SCF049-1",90,9.56028022243585e-05
"2084","ASV348","SCF049-2",0,0
"2085","ASV348","SCF049-3",0,0
"2086","ASV348","SCF055-1",0,0
"2087","ASV348","SCF055-4",0,0
"2088","ASV348","SCF055-5",0,0
"2089","ASV349","SCF049-1",0,0
"2090","ASV349","SCF049-2",90,0.000287593228138121
"2091","ASV349","SCF049-3",0,0
"2092","ASV349","SCF055-1",0,0
"2093","ASV349","SCF055-4",0,0
"2094","ASV349","SCF055-5",0,0
"2095","ASV350","SCF049-1",0,0
"2096","ASV350","SCF049-2",0,0
"2097","ASV350","SCF049-3",90,0.000189509192248653
"2098","ASV350","SCF055-1",0,0
"2099","ASV350","SCF055-4",0,0
"2100","ASV350","SCF055-5",0,0
"2101","ASV351","SCF049-1",0,0
"2102","ASV351","SCF049-2",0,0
"2103","ASV351","SCF049-3",0,0
"2104","ASV351","SCF055-1",0,0
"2105","ASV351","SCF055-4",90,0.000137301656315647
"2106","ASV351","SCF055-5",0,0
"2107","ASV352","SCF049-1",89,9.45405488663101e-05
"2108","ASV352","SCF049-2",0,0
"2109","ASV352","SCF049-3",0,0
"2110","ASV352","SCF055-1",0,0
"2111","ASV352","SCF055-4",0,0
"2112","ASV352","SCF055-5",0,0
"2113","ASV353","SCF049-1",0,0
"2114","ASV353","SCF049-2",89,0.000284397747825476
"2115","ASV353","SCF049-3",0,0
"2116","ASV353","SCF055-1",0,0
"2117","ASV353","SCF055-4",0,0
"2118","ASV353","SCF055-5",0,0
"2119","ASV354","SCF049-1",0,0
"2120","ASV354","SCF049-2",0,0
"2121","ASV354","SCF049-3",0,0
"2122","ASV354","SCF055-1",89,0.000377518557794274
"2123","ASV354","SCF055-4",0,0
"2124","ASV354","SCF055-5",0,0
"2125","ASV355","SCF049-1",0,0
"2126","ASV355","SCF049-2",0,0
"2127","ASV355","SCF049-3",0,0
"2128","ASV355","SCF055-1",0,0
"2129","ASV355","SCF055-4",89,0.000135776082356585
"2130","ASV355","SCF055-5",0,0
"2131","ASV356","SCF049-1",0,0
"2132","ASV356","SCF049-2",0,0
"2133","ASV356","SCF049-3",0,0
"2134","ASV356","SCF055-1",0,0
"2135","ASV356","SCF055-4",89,0.000135776082356585
"2136","ASV356","SCF055-5",0,0
"2137","ASV357","SCF049-1",0,0
"2138","ASV357","SCF049-2",88,0.00028120226751283
"2139","ASV357","SCF049-3",0,0
"2140","ASV357","SCF055-1",0,0
"2141","ASV357","SCF055-4",0,0
"2142","ASV357","SCF055-5",0,0
"2143","ASV358","SCF049-1",0,0
"2144","ASV358","SCF049-2",0,0
"2145","ASV358","SCF049-3",0,0
"2146","ASV358","SCF055-1",0,0
"2147","ASV358","SCF055-4",88,0.000134250508397522
"2148","ASV358","SCF055-5",0,0
"2149","ASV359","SCF049-1",87,9.24160421502132e-05
"2150","ASV359","SCF049-2",0,0
"2151","ASV359","SCF049-3",0,0
"2152","ASV359","SCF055-1",0,0
"2153","ASV359","SCF055-4",0,0
"2154","ASV359","SCF055-5",0,0
"2155","ASV360","SCF049-1",31,3.29298540995013e-05
"2156","ASV360","SCF049-2",19,6.07141259402701e-05
"2157","ASV360","SCF049-3",37,7.79093345911129e-05
"2158","ASV360","SCF055-1",0,0
"2159","ASV360","SCF055-4",0,0
"2160","ASV360","SCF055-5",0,0
"2161","ASV361","SCF049-1",0,0
"2162","ASV361","SCF049-2",0,0
"2163","ASV361","SCF049-3",87,0.000183192219173698
"2164","ASV361","SCF055-1",0,0
"2165","ASV361","SCF055-4",0,0
"2166","ASV361","SCF055-5",0,0
"2167","ASV362","SCF049-1",0,0
"2168","ASV362","SCF049-2",0,0
"2169","ASV362","SCF049-3",0,0
"2170","ASV362","SCF055-1",87,0.000369034994697773
"2171","ASV362","SCF055-4",0,0
"2172","ASV362","SCF055-5",0,0
"2173","ASV363","SCF049-1",0,0
"2174","ASV363","SCF049-2",0,0
"2175","ASV363","SCF049-3",0,0
"2176","ASV363","SCF055-1",87,0.000369034994697773
"2177","ASV363","SCF055-4",0,0
"2178","ASV363","SCF055-5",0,0
"2179","ASV364","SCF049-1",0,0
"2180","ASV364","SCF049-2",0,0
"2181","ASV364","SCF049-3",0,0
"2182","ASV364","SCF055-1",0,0
"2183","ASV364","SCF055-4",0,0
"2184","ASV364","SCF055-5",87,0.000206764281589186
"2185","ASV365","SCF049-1",0,0
"2186","ASV365","SCF049-2",86,0.000274811306887538
"2187","ASV365","SCF049-3",0,0
"2188","ASV365","SCF055-1",0,0
"2189","ASV365","SCF055-4",0,0
"2190","ASV365","SCF055-5",0,0
"2191","ASV366","SCF049-1",0,0
"2192","ASV366","SCF049-2",0,0
"2193","ASV366","SCF049-3",86,0.000181086561482046
"2194","ASV366","SCF055-1",0,0
"2195","ASV366","SCF055-4",0,0
"2196","ASV366","SCF055-5",0,0
"2197","ASV367","SCF049-1",0,0
"2198","ASV367","SCF049-2",0,0
"2199","ASV367","SCF049-3",0,0
"2200","ASV367","SCF055-1",0,0
"2201","ASV367","SCF055-4",0,0
"2202","ASV367","SCF055-5",86,0.000204387680651379
"2203","ASV368","SCF049-1",85,9.02915354341164e-05
"2204","ASV368","SCF049-2",0,0
"2205","ASV368","SCF049-3",0,0
"2206","ASV368","SCF055-1",0,0
"2207","ASV368","SCF055-4",0,0
"2208","ASV368","SCF055-5",0,0
"2209","ASV369","SCF049-1",0,0
"2210","ASV369","SCF049-2",0,0
"2211","ASV369","SCF049-3",0,0
"2212","ASV369","SCF055-1",0,0
"2213","ASV369","SCF055-4",0,0
"2214","ASV369","SCF055-5",85,0.000202011079713572
"2215","ASV370","SCF049-1",0,0
"2216","ASV370","SCF049-2",0,0
"2217","ASV370","SCF049-3",0,0
"2218","ASV370","SCF055-1",0,0
"2219","ASV370","SCF055-4",0,0
"2220","ASV370","SCF055-5",85,0.000202011079713572
"2221","ASV371","SCF049-1",0,0
"2222","ASV371","SCF049-2",0,0
"2223","ASV371","SCF049-3",0,0
"2224","ASV371","SCF055-1",0,0
"2225","ASV371","SCF055-4",0,0
"2226","ASV371","SCF055-5",85,0.000202011079713572
"2227","ASV372","SCF049-1",0,0
"2228","ASV372","SCF049-2",0,0
"2229","ASV372","SCF049-3",84,0.000176875246098743
"2230","ASV372","SCF055-1",0,0
"2231","ASV372","SCF055-4",0,0
"2232","ASV372","SCF055-5",0,0
"2233","ASV373","SCF049-1",0,0
"2234","ASV373","SCF049-2",0,0
"2235","ASV373","SCF049-3",84,0.000176875246098743
"2236","ASV373","SCF055-1",0,0
"2237","ASV373","SCF055-4",0,0
"2238","ASV373","SCF055-5",0,0
"2239","ASV374","SCF049-1",0,0
"2240","ASV374","SCF049-2",0,0
"2241","ASV374","SCF049-3",84,0.000176875246098743
"2242","ASV374","SCF055-1",0,0
"2243","ASV374","SCF055-4",0,0
"2244","ASV374","SCF055-5",0,0
"2245","ASV375","SCF049-1",0,0
"2246","ASV375","SCF049-2",0,0
"2247","ASV375","SCF049-3",0,0
"2248","ASV375","SCF055-1",84,0.000356309650053022
"2249","ASV375","SCF055-4",0,0
"2250","ASV375","SCF055-5",0,0
"2251","ASV376","SCF049-1",83,8.81670287180195e-05
"2252","ASV376","SCF049-2",0,0
"2253","ASV376","SCF049-3",0,0
"2254","ASV376","SCF055-1",0,0
"2255","ASV376","SCF055-4",0,0
"2256","ASV376","SCF055-5",0,0
"2257","ASV377","SCF049-1",0,0
"2258","ASV377","SCF049-2",83,0.000265224865949601
"2259","ASV377","SCF049-3",0,0
"2260","ASV377","SCF055-1",0,0
"2261","ASV377","SCF055-4",0,0
"2262","ASV377","SCF055-5",0,0
"2263","ASV378","SCF049-1",0,0
"2264","ASV378","SCF049-2",0,0
"2265","ASV378","SCF049-3",83,0.000174769588407091
"2266","ASV378","SCF055-1",0,0
"2267","ASV378","SCF055-4",0,0
"2268","ASV378","SCF055-5",0,0
"2269","ASV379","SCF049-1",0,0
"2270","ASV379","SCF049-2",0,0
"2271","ASV379","SCF049-3",83,0.000174769588407091
"2272","ASV379","SCF055-1",0,0
"2273","ASV379","SCF055-4",0,0
"2274","ASV379","SCF055-5",0,0
"2275","ASV380","SCF049-1",0,0
"2276","ASV380","SCF049-2",0,0
"2277","ASV380","SCF049-3",83,0.000174769588407091
"2278","ASV380","SCF055-1",0,0
"2279","ASV380","SCF055-4",0,0
"2280","ASV380","SCF055-5",0,0
"2281","ASV381","SCF049-1",0,0
"2282","ASV381","SCF049-2",0,0
"2283","ASV381","SCF049-3",0,0
"2284","ASV381","SCF055-1",0,0
"2285","ASV381","SCF055-4",83,0.000126622638602208
"2286","ASV381","SCF055-5",0,0
"2287","ASV382","SCF049-1",0,0
"2288","ASV382","SCF049-2",0,0
"2289","ASV382","SCF049-3",0,0
"2290","ASV382","SCF055-1",0,0
"2291","ASV382","SCF055-4",0,0
"2292","ASV382","SCF055-5",83,0.000197257877837959
"2293","ASV383","SCF049-1",0,0
"2294","ASV383","SCF049-2",0,0
"2295","ASV383","SCF049-3",0,0
"2296","ASV383","SCF055-1",0,0
"2297","ASV383","SCF055-4",0,0
"2298","ASV383","SCF055-5",83,0.000197257877837959
"2299","ASV384","SCF049-1",82,8.71047753599711e-05
"2300","ASV384","SCF049-2",0,0
"2301","ASV384","SCF049-3",0,0
"2302","ASV384","SCF055-1",0,0
"2303","ASV384","SCF055-4",0,0
"2304","ASV384","SCF055-5",0,0
"2305","ASV385","SCF049-1",0,0
"2306","ASV385","SCF049-2",0,0
"2307","ASV385","SCF049-3",0,0
"2308","ASV385","SCF055-1",82,0.000347826086956522
"2309","ASV385","SCF055-4",0,0
"2310","ASV385","SCF055-5",0,0
"2311","ASV386","SCF049-1",0,0
"2312","ASV386","SCF049-2",0,0
"2313","ASV386","SCF049-3",0,0
"2314","ASV386","SCF055-1",0,0
"2315","ASV386","SCF055-4",82,0.000125097064643145
"2316","ASV386","SCF055-5",0,0
"2317","ASV387","SCF049-1",0,0
"2318","ASV387","SCF049-2",0,0
"2319","ASV387","SCF049-3",0,0
"2320","ASV387","SCF055-1",0,0
"2321","ASV387","SCF055-4",82,0.000125097064643145
"2322","ASV387","SCF055-5",0,0
"2323","ASV388","SCF049-1",0,0
"2324","ASV388","SCF049-2",0,0
"2325","ASV388","SCF049-3",0,0
"2326","ASV388","SCF055-1",0,0
"2327","ASV388","SCF055-4",0,0
"2328","ASV388","SCF055-5",82,0.000194881276900152
"2329","ASV389","SCF049-1",81,8.60425220019227e-05
"2330","ASV389","SCF049-2",0,0
"2331","ASV389","SCF049-3",0,0
"2332","ASV389","SCF055-1",0,0
"2333","ASV389","SCF055-4",0,0
"2334","ASV389","SCF055-5",0,0
"2335","ASV390","SCF049-1",0,0
"2336","ASV390","SCF049-2",81,0.000258833905324309
"2337","ASV390","SCF049-3",0,0
"2338","ASV390","SCF055-1",0,0
"2339","ASV390","SCF055-4",0,0
"2340","ASV390","SCF055-5",0,0
"2341","ASV391","SCF049-1",0,0
"2342","ASV391","SCF049-2",0,0
"2343","ASV391","SCF049-3",0,0
"2344","ASV391","SCF055-1",0,0
"2345","ASV391","SCF055-4",81,0.000123571490684083
"2346","ASV391","SCF055-5",0,0
"2347","ASV392","SCF049-1",0,0
"2348","ASV392","SCF049-2",0,0
"2349","ASV392","SCF049-3",0,0
"2350","ASV392","SCF055-1",80,0.000339342523860021
"2351","ASV392","SCF055-4",0,0
"2352","ASV392","SCF055-5",0,0
"2353","ASV393","SCF049-1",79,8.39180152858258e-05
"2354","ASV393","SCF049-2",0,0
"2355","ASV393","SCF049-3",0,0
"2356","ASV393","SCF055-1",0,0
"2357","ASV393","SCF055-4",0,0
"2358","ASV393","SCF055-5",0,0
"2359","ASV394","SCF049-1",79,8.39180152858258e-05
"2360","ASV394","SCF049-2",0,0
"2361","ASV394","SCF049-3",0,0
"2362","ASV394","SCF055-1",0,0
"2363","ASV394","SCF055-4",0,0
"2364","ASV394","SCF055-5",0,0
"2365","ASV395","SCF049-1",0,0
"2366","ASV395","SCF049-2",0,0
"2367","ASV395","SCF049-3",79,0.000166346957640484
"2368","ASV395","SCF055-1",0,0
"2369","ASV395","SCF055-4",0,0
"2370","ASV395","SCF055-5",0,0
"2371","ASV396","SCF049-1",0,0
"2372","ASV396","SCF049-2",0,0
"2373","ASV396","SCF049-3",79,0.000166346957640484
"2374","ASV396","SCF055-1",0,0
"2375","ASV396","SCF055-4",0,0
"2376","ASV396","SCF055-5",0,0
"2377","ASV397","SCF049-1",0,0
"2378","ASV397","SCF049-2",0,0
"2379","ASV397","SCF049-3",0,0
"2380","ASV397","SCF055-1",0,0
"2381","ASV397","SCF055-4",79,0.000120520342765957
"2382","ASV397","SCF055-5",0,0
"2383","ASV398","SCF049-1",0,0
"2384","ASV398","SCF049-2",0,0
"2385","ASV398","SCF049-3",0,0
"2386","ASV398","SCF055-1",0,0
"2387","ASV398","SCF055-4",0,0
"2388","ASV398","SCF055-5",79,0.000187751474086732
"2389","ASV399","SCF049-1",78,8.28557619277774e-05
"2390","ASV399","SCF049-2",0,0
"2391","ASV399","SCF049-3",0,0
"2392","ASV399","SCF055-1",0,0
"2393","ASV399","SCF055-4",0,0
"2394","ASV399","SCF055-5",0,0
"2395","ASV400","SCF049-1",0,0
"2396","ASV400","SCF049-2",78,0.000249247464386372
"2397","ASV400","SCF049-3",0,0
"2398","ASV400","SCF055-1",0,0
"2399","ASV400","SCF055-4",0,0
"2400","ASV400","SCF055-5",0,0
"2401","ASV401","SCF049-1",0,0
"2402","ASV401","SCF049-2",78,0.000249247464386372
"2403","ASV401","SCF049-3",0,0
"2404","ASV401","SCF055-1",0,0
"2405","ASV401","SCF055-4",0,0
"2406","ASV401","SCF055-5",0,0
"2407","ASV402","SCF049-1",0,0
"2408","ASV402","SCF049-2",78,0.000249247464386372
"2409","ASV402","SCF049-3",0,0
"2410","ASV402","SCF055-1",0,0
"2411","ASV402","SCF055-4",0,0
"2412","ASV402","SCF055-5",0,0
"2413","ASV403","SCF049-1",0,0
"2414","ASV403","SCF049-2",0,0
"2415","ASV403","SCF049-3",0,0
"2416","ASV403","SCF055-1",0,0
"2417","ASV403","SCF055-4",78,0.000118994768806894
"2418","ASV403","SCF055-5",0,0
"2419","ASV404","SCF049-1",0,0
"2420","ASV404","SCF049-2",0,0
"2421","ASV404","SCF049-3",0,0
"2422","ASV404","SCF055-1",0,0
"2423","ASV404","SCF055-4",78,0.000118994768806894
"2424","ASV404","SCF055-5",0,0
"2425","ASV405","SCF049-1",77,8.1793508569729e-05
"2426","ASV405","SCF049-2",0,0
"2427","ASV405","SCF049-3",0,0
"2428","ASV405","SCF055-1",0,0
"2429","ASV405","SCF055-4",0,0
"2430","ASV405","SCF055-5",0,0
"2431","ASV406","SCF049-1",77,8.1793508569729e-05
"2432","ASV406","SCF049-2",0,0
"2433","ASV406","SCF049-3",0,0
"2434","ASV406","SCF055-1",0,0
"2435","ASV406","SCF055-4",0,0
"2436","ASV406","SCF055-5",0,0
"2437","ASV407","SCF049-1",0,0
"2438","ASV407","SCF049-2",77,0.000246051984073726
"2439","ASV407","SCF049-3",0,0
"2440","ASV407","SCF055-1",0,0
"2441","ASV407","SCF055-4",0,0
"2442","ASV407","SCF055-5",0,0
"2443","ASV408","SCF049-1",0,0
"2444","ASV408","SCF049-2",77,0.000246051984073726
"2445","ASV408","SCF049-3",0,0
"2446","ASV408","SCF055-1",0,0
"2447","ASV408","SCF055-4",0,0
"2448","ASV408","SCF055-5",0,0
"2449","ASV409","SCF049-1",0,0
"2450","ASV409","SCF049-2",0,0
"2451","ASV409","SCF049-3",77,0.000162135642257181
"2452","ASV409","SCF055-1",0,0
"2453","ASV409","SCF055-4",0,0
"2454","ASV409","SCF055-5",0,0
"2455","ASV410","SCF049-1",0,0
"2456","ASV410","SCF049-2",0,0
"2457","ASV410","SCF049-3",77,0.000162135642257181
"2458","ASV410","SCF055-1",0,0
"2459","ASV410","SCF055-4",0,0
"2460","ASV410","SCF055-5",0,0
"2461","ASV411","SCF049-1",0,0
"2462","ASV411","SCF049-2",0,0
"2463","ASV411","SCF049-3",0,0
"2464","ASV411","SCF055-1",0,0
"2465","ASV411","SCF055-4",77,0.000117469194847832
"2466","ASV411","SCF055-5",0,0
"2467","ASV412","SCF049-1",0,0
"2468","ASV412","SCF049-2",0,0
"2469","ASV412","SCF049-3",0,0
"2470","ASV412","SCF055-1",0,0
"2471","ASV412","SCF055-4",77,0.000117469194847832
"2472","ASV412","SCF055-5",0,0
"2473","ASV413","SCF049-1",0,0
"2474","ASV413","SCF049-2",0,0
"2475","ASV413","SCF049-3",0,0
"2476","ASV413","SCF055-1",0,0
"2477","ASV413","SCF055-4",77,0.000117469194847832
"2478","ASV413","SCF055-5",0,0
"2479","ASV414","SCF049-1",76,8.07312552116805e-05
"2480","ASV414","SCF049-2",0,0
"2481","ASV414","SCF049-3",0,0
"2482","ASV414","SCF055-1",0,0
"2483","ASV414","SCF055-4",0,0
"2484","ASV414","SCF055-5",0,0
"2485","ASV415","SCF049-1",0,0
"2486","ASV415","SCF049-2",76,0.00024285650376108
"2487","ASV415","SCF049-3",0,0
"2488","ASV415","SCF055-1",0,0
"2489","ASV415","SCF055-4",0,0
"2490","ASV415","SCF055-5",0,0
"2491","ASV416","SCF049-1",0,0
"2492","ASV416","SCF049-2",0,0
"2493","ASV416","SCF049-3",0,0
"2494","ASV416","SCF055-1",76,0.00032237539766702
"2495","ASV416","SCF055-4",0,0
"2496","ASV416","SCF055-5",0,0
"2497","ASV417","SCF049-1",0,0
"2498","ASV417","SCF049-2",75,0.000239661023448435
"2499","ASV417","SCF049-3",0,0
"2500","ASV417","SCF055-1",0,0
"2501","ASV417","SCF055-4",0,0
"2502","ASV417","SCF055-5",0,0
"2503","ASV418","SCF049-1",0,0
"2504","ASV418","SCF049-2",0,0
"2505","ASV418","SCF049-3",75,0.000157924326873877
"2506","ASV418","SCF055-1",0,0
"2507","ASV418","SCF055-4",0,0
"2508","ASV418","SCF055-5",0,0
"2509","ASV419","SCF049-1",0,0
"2510","ASV419","SCF049-2",0,0
"2511","ASV419","SCF049-3",0,0
"2512","ASV419","SCF055-1",0,0
"2513","ASV419","SCF055-4",75,0.000114418046929706
"2514","ASV419","SCF055-5",0,0
"2515","ASV420","SCF049-1",74,7.86067484955837e-05
"2516","ASV420","SCF049-2",0,0
"2517","ASV420","SCF049-3",0,0
"2518","ASV420","SCF055-1",0,0
"2519","ASV420","SCF055-4",0,0
"2520","ASV420","SCF055-5",0,0
"2521","ASV421","SCF049-1",74,7.86067484955837e-05
"2522","ASV421","SCF049-2",0,0
"2523","ASV421","SCF049-3",0,0
"2524","ASV421","SCF055-1",0,0
"2525","ASV421","SCF055-4",0,0
"2526","ASV421","SCF055-5",0,0
"2527","ASV422","SCF049-1",0,0
"2528","ASV422","SCF049-2",0,0
"2529","ASV422","SCF049-3",74,0.000155818669182226
"2530","ASV422","SCF055-1",0,0
"2531","ASV422","SCF055-4",0,0
"2532","ASV422","SCF055-5",0,0
"2533","ASV423","SCF049-1",0,0
"2534","ASV423","SCF049-2",0,0
"2535","ASV423","SCF049-3",0,0
"2536","ASV423","SCF055-1",74,0.00031389183457052
"2537","ASV423","SCF055-4",0,0
"2538","ASV423","SCF055-5",0,0
"2539","ASV424","SCF049-1",0,0
"2540","ASV424","SCF049-2",0,0
"2541","ASV424","SCF049-3",0,0
"2542","ASV424","SCF055-1",0,0
"2543","ASV424","SCF055-4",0,0
"2544","ASV424","SCF055-5",74,0.000175868469397698
"2545","ASV425","SCF049-1",0,0
"2546","ASV425","SCF049-2",0,0
"2547","ASV425","SCF049-3",73,0.000153713011490574
"2548","ASV425","SCF055-1",0,0
"2549","ASV425","SCF055-4",0,0
"2550","ASV425","SCF055-5",0,0
"2551","ASV426","SCF049-1",72,7.64822417794868e-05
"2552","ASV426","SCF049-2",0,0
"2553","ASV426","SCF049-3",0,0
"2554","ASV426","SCF055-1",0,0
"2555","ASV426","SCF055-4",0,0
"2556","ASV426","SCF055-5",0,0
"2557","ASV427","SCF049-1",0,0
"2558","ASV427","SCF049-2",72,0.000230074582510497
"2559","ASV427","SCF049-3",0,0
"2560","ASV427","SCF055-1",0,0
"2561","ASV427","SCF055-4",0,0
"2562","ASV427","SCF055-5",0,0
"2563","ASV428","SCF049-1",0,0
"2564","ASV428","SCF049-2",0,0
"2565","ASV428","SCF049-3",0,0
"2566","ASV428","SCF055-1",0,0
"2567","ASV428","SCF055-4",72,0.000109841325052518
"2568","ASV428","SCF055-5",0,0
"2569","ASV429","SCF049-1",0,0
"2570","ASV429","SCF049-2",0,0
"2571","ASV429","SCF049-3",0,0
"2572","ASV429","SCF055-1",0,0
"2573","ASV429","SCF055-4",0,0
"2574","ASV429","SCF055-5",72,0.000171115267522085
"2575","ASV430","SCF049-1",0,0
"2576","ASV430","SCF049-2",0,0
"2577","ASV430","SCF049-3",0,0
"2578","ASV430","SCF055-1",0,0
"2579","ASV430","SCF055-4",0,0
"2580","ASV430","SCF055-5",72,0.000171115267522085
"2581","ASV431","SCF049-1",0,0
"2582","ASV431","SCF049-2",71,0.000226879102197851
"2583","ASV431","SCF049-3",0,0
"2584","ASV431","SCF055-1",0,0
"2585","ASV431","SCF055-4",0,0
"2586","ASV431","SCF055-5",0,0
"2587","ASV432","SCF049-1",0,0
"2588","ASV432","SCF049-2",0,0
"2589","ASV432","SCF049-3",0,0
"2590","ASV432","SCF055-1",71,0.000301166489925769
"2591","ASV432","SCF055-4",0,0
"2592","ASV432","SCF055-5",0,0
"2593","ASV433","SCF049-1",0,0
"2594","ASV433","SCF049-2",0,0
"2595","ASV433","SCF049-3",0,0
"2596","ASV433","SCF055-1",0,0
"2597","ASV433","SCF055-4",0,0
"2598","ASV433","SCF055-5",71,0.000168738666584278
"2599","ASV434","SCF049-1",70,7.435773506339e-05
"2600","ASV434","SCF049-2",0,0
"2601","ASV434","SCF049-3",0,0
"2602","ASV434","SCF055-1",0,0
"2603","ASV434","SCF055-4",0,0
"2604","ASV434","SCF055-5",0,0
"2605","ASV435","SCF049-1",70,7.435773506339e-05
"2606","ASV435","SCF049-2",0,0
"2607","ASV435","SCF049-3",0,0
"2608","ASV435","SCF055-1",0,0
"2609","ASV435","SCF055-4",0,0
"2610","ASV435","SCF055-5",0,0
"2611","ASV436","SCF049-1",0,0
"2612","ASV436","SCF049-2",70,0.000223683621885206
"2613","ASV436","SCF049-3",0,0
"2614","ASV436","SCF055-1",0,0
"2615","ASV436","SCF055-4",0,0
"2616","ASV436","SCF055-5",0,0
"2617","ASV437","SCF049-1",0,0
"2618","ASV437","SCF049-2",70,0.000223683621885206
"2619","ASV437","SCF049-3",0,0
"2620","ASV437","SCF055-1",0,0
"2621","ASV437","SCF055-4",0,0
"2622","ASV437","SCF055-5",0,0
"2623","ASV438","SCF049-1",0,0
"2624","ASV438","SCF049-2",0,0
"2625","ASV438","SCF049-3",70,0.000147396038415619
"2626","ASV438","SCF055-1",0,0
"2627","ASV438","SCF055-4",0,0
"2628","ASV438","SCF055-5",0,0
"2629","ASV439","SCF049-1",69,7.32954817053415e-05
"2630","ASV439","SCF049-2",0,0
"2631","ASV439","SCF049-3",0,0
"2632","ASV439","SCF055-1",0,0
"2633","ASV439","SCF055-4",0,0
"2634","ASV439","SCF055-5",0,0
"2635","ASV440","SCF049-1",0,0
"2636","ASV440","SCF049-2",69,0.00022048814157256
"2637","ASV440","SCF049-3",0,0
"2638","ASV440","SCF055-1",0,0
"2639","ASV440","SCF055-4",0,0
"2640","ASV440","SCF055-5",0,0
"2641","ASV441","SCF049-1",0,0
"2642","ASV441","SCF049-2",69,0.00022048814157256
"2643","ASV441","SCF049-3",0,0
"2644","ASV441","SCF055-1",0,0
"2645","ASV441","SCF055-4",0,0
"2646","ASV441","SCF055-5",0,0
"2647","ASV442","SCF049-1",0,0
"2648","ASV442","SCF049-2",0,0
"2649","ASV442","SCF049-3",0,0
"2650","ASV442","SCF055-1",0,0
"2651","ASV442","SCF055-4",69,0.00010526460317533
"2652","ASV442","SCF055-5",0,0
"2653","ASV443","SCF049-1",0,0
"2654","ASV443","SCF049-2",0,0
"2655","ASV443","SCF049-3",0,0
"2656","ASV443","SCF055-1",68,0.000288441145281018
"2657","ASV443","SCF055-4",0,0
"2658","ASV443","SCF055-5",0,0
"2659","ASV444","SCF049-1",0,0
"2660","ASV444","SCF049-2",0,0
"2661","ASV444","SCF049-3",0,0
"2662","ASV444","SCF055-1",68,0.000288441145281018
"2663","ASV444","SCF055-4",0,0
"2664","ASV444","SCF055-5",0,0
"2665","ASV445","SCF049-1",0,0
"2666","ASV445","SCF049-2",0,0
"2667","ASV445","SCF049-3",0,0
"2668","ASV445","SCF055-1",0,0
"2669","ASV445","SCF055-4",68,0.000103739029216267
"2670","ASV445","SCF055-5",0,0
"2671","ASV446","SCF049-1",0,0
"2672","ASV446","SCF049-2",67,0.000214097180947268
"2673","ASV446","SCF049-3",0,0
"2674","ASV446","SCF055-1",0,0
"2675","ASV446","SCF055-4",0,0
"2676","ASV446","SCF055-5",0,0
"2677","ASV447","SCF049-1",0,0
"2678","ASV447","SCF049-2",67,0.000214097180947268
"2679","ASV447","SCF049-3",0,0
"2680","ASV447","SCF055-1",0,0
"2681","ASV447","SCF055-4",0,0
"2682","ASV447","SCF055-5",0,0
"2683","ASV448","SCF049-1",0,0
"2684","ASV448","SCF049-2",0,0
"2685","ASV448","SCF049-3",0,0
"2686","ASV448","SCF055-1",67,0.000284199363732768
"2687","ASV448","SCF055-4",0,0
"2688","ASV448","SCF055-5",0,0
"2689","ASV449","SCF049-1",0,0
"2690","ASV449","SCF049-2",0,0
"2691","ASV449","SCF049-3",0,0
"2692","ASV449","SCF055-1",67,0.000284199363732768
"2693","ASV449","SCF055-4",0,0
"2694","ASV449","SCF055-5",0,0
"2695","ASV450","SCF049-1",0,0
"2696","ASV450","SCF049-2",0,0
"2697","ASV450","SCF049-3",0,0
"2698","ASV450","SCF055-1",0,0
"2699","ASV450","SCF055-4",67,0.000102213455257204
"2700","ASV450","SCF055-5",0,0
"2701","ASV451","SCF049-1",0,0
"2702","ASV451","SCF049-2",0,0
"2703","ASV451","SCF049-3",0,0
"2704","ASV451","SCF055-1",0,0
"2705","ASV451","SCF055-4",67,0.000102213455257204
"2706","ASV451","SCF055-5",0,0
"2707","ASV452","SCF049-1",0,0
"2708","ASV452","SCF049-2",0,0
"2709","ASV452","SCF049-3",0,0
"2710","ASV452","SCF055-1",0,0
"2711","ASV452","SCF055-4",0,0
"2712","ASV452","SCF055-5",67,0.000159232262833051
"2713","ASV453","SCF049-1",0,0
"2714","ASV453","SCF049-2",0,0
"2715","ASV453","SCF049-3",0,0
"2716","ASV453","SCF055-1",0,0
"2717","ASV453","SCF055-4",0,0
"2718","ASV453","SCF055-5",67,0.000159232262833051
"2719","ASV454","SCF049-1",0,0
"2720","ASV454","SCF049-2",0,0
"2721","ASV454","SCF049-3",0,0
"2722","ASV454","SCF055-1",0,0
"2723","ASV454","SCF055-4",0,0
"2724","ASV454","SCF055-5",67,0.000159232262833051
"2725","ASV455","SCF049-1",0,0
"2726","ASV455","SCF049-2",66,0.000210901700634622
"2727","ASV455","SCF049-3",0,0
"2728","ASV455","SCF055-1",0,0
"2729","ASV455","SCF055-4",0,0
"2730","ASV455","SCF055-5",0,0
"2731","ASV456","SCF049-1",0,0
"2732","ASV456","SCF049-2",0,0
"2733","ASV456","SCF049-3",66,0.000138973407649012
"2734","ASV456","SCF055-1",0,0
"2735","ASV456","SCF055-4",0,0
"2736","ASV456","SCF055-5",0,0
"2737","ASV457","SCF049-1",0,0
"2738","ASV457","SCF049-2",0,0
"2739","ASV457","SCF049-3",0,0
"2740","ASV457","SCF055-1",66,0.000279957582184518
"2741","ASV457","SCF055-4",0,0
"2742","ASV457","SCF055-5",0,0
"2743","ASV458","SCF049-1",0,0
"2744","ASV458","SCF049-2",0,0
"2745","ASV458","SCF049-3",0,0
"2746","ASV458","SCF055-1",0,0
"2747","ASV458","SCF055-4",65,9.91623073390786e-05
"2748","ASV458","SCF055-5",0,0
"2749","ASV459","SCF049-1",0,0
"2750","ASV459","SCF049-2",64,0.000204510740009331
"2751","ASV459","SCF049-3",0,0
"2752","ASV459","SCF055-1",0,0
"2753","ASV459","SCF055-4",0,0
"2754","ASV459","SCF055-5",0,0
"2755","ASV460","SCF049-1",0,0
"2756","ASV460","SCF049-2",0,0
"2757","ASV460","SCF049-3",64,0.000134762092265709
"2758","ASV460","SCF055-1",0,0
"2759","ASV460","SCF055-4",0,0
"2760","ASV460","SCF055-5",0,0
"2761","ASV461","SCF049-1",0,0
"2762","ASV461","SCF049-2",0,0
"2763","ASV461","SCF049-3",0,0
"2764","ASV461","SCF055-1",64,0.000271474019088017
"2765","ASV461","SCF055-4",0,0
"2766","ASV461","SCF055-5",0,0
"2767","ASV462","SCF049-1",0,0
"2768","ASV462","SCF049-2",0,0
"2769","ASV462","SCF049-3",0,0
"2770","ASV462","SCF055-1",0,0
"2771","ASV462","SCF055-4",64,9.76367333800159e-05
"2772","ASV462","SCF055-5",0,0
"2773","ASV463","SCF049-1",0,0
"2774","ASV463","SCF049-2",0,0
"2775","ASV463","SCF049-3",0,0
"2776","ASV463","SCF055-1",0,0
"2777","ASV463","SCF055-4",64,9.76367333800159e-05
"2778","ASV463","SCF055-5",0,0
"2779","ASV464","SCF049-1",0,0
"2780","ASV464","SCF049-2",0,0
"2781","ASV464","SCF049-3",0,0
"2782","ASV464","SCF055-1",0,0
"2783","ASV464","SCF055-4",0,0
"2784","ASV464","SCF055-5",64,0.000152102460019631
"2785","ASV465","SCF049-1",0,0
"2786","ASV465","SCF049-2",63,0.000201315259696685
"2787","ASV465","SCF049-3",0,0
"2788","ASV465","SCF055-1",0,0
"2789","ASV465","SCF055-4",0,0
"2790","ASV465","SCF055-5",0,0
"2791","ASV466","SCF049-1",0,0
"2792","ASV466","SCF049-2",63,0.000201315259696685
"2793","ASV466","SCF049-3",0,0
"2794","ASV466","SCF055-1",0,0
"2795","ASV466","SCF055-4",0,0
"2796","ASV466","SCF055-5",0,0
"2797","ASV467","SCF049-1",0,0
"2798","ASV467","SCF049-2",0,0
"2799","ASV467","SCF049-3",63,0.000132656434574057
"2800","ASV467","SCF055-1",0,0
"2801","ASV467","SCF055-4",0,0
"2802","ASV467","SCF055-5",0,0
"2803","ASV468","SCF049-1",0,0
"2804","ASV468","SCF049-2",0,0
"2805","ASV468","SCF049-3",0,0
"2806","ASV468","SCF055-1",0,0
"2807","ASV468","SCF055-4",63,9.61111594209532e-05
"2808","ASV468","SCF055-5",0,0
"2809","ASV469","SCF049-1",62,6.58597081990025e-05
"2810","ASV469","SCF049-2",0,0
"2811","ASV469","SCF049-3",0,0
"2812","ASV469","SCF055-1",0,0
"2813","ASV469","SCF055-4",0,0
"2814","ASV469","SCF055-5",0,0
"2815","ASV470","SCF049-1",62,6.58597081990025e-05
"2816","ASV470","SCF049-2",0,0
"2817","ASV470","SCF049-3",0,0
"2818","ASV470","SCF055-1",0,0
"2819","ASV470","SCF055-4",0,0
"2820","ASV470","SCF055-5",0,0
"2821","ASV471","SCF049-1",62,6.58597081990025e-05
"2822","ASV471","SCF049-2",0,0
"2823","ASV471","SCF049-3",0,0
"2824","ASV471","SCF055-1",0,0
"2825","ASV471","SCF055-4",0,0
"2826","ASV471","SCF055-5",0,0
"2827","ASV472","SCF049-1",0,0
"2828","ASV472","SCF049-2",0,0
"2829","ASV472","SCF049-3",62,0.000130550776882405
"2830","ASV472","SCF055-1",0,0
"2831","ASV472","SCF055-4",0,0
"2832","ASV472","SCF055-5",0,0
"2833","ASV473","SCF049-1",0,0
"2834","ASV473","SCF049-2",0,0
"2835","ASV473","SCF049-3",0,0
"2836","ASV473","SCF055-1",0,0
"2837","ASV473","SCF055-4",0,0
"2838","ASV473","SCF055-5",62,0.000147349258144017
"2839","ASV474","SCF049-1",61,6.47974548409541e-05
"2840","ASV474","SCF049-2",0,0
"2841","ASV474","SCF049-3",0,0
"2842","ASV474","SCF055-1",0,0
"2843","ASV474","SCF055-4",0,0
"2844","ASV474","SCF055-5",0,0
"2845","ASV475","SCF049-1",0,0
"2846","ASV475","SCF049-2",61,0.000194924299071393
"2847","ASV475","SCF049-3",0,0
"2848","ASV475","SCF055-1",0,0
"2849","ASV475","SCF055-4",0,0
"2850","ASV475","SCF055-5",0,0
"2851","ASV476","SCF049-1",0,0
"2852","ASV476","SCF049-2",61,0.000194924299071393
"2853","ASV476","SCF049-3",0,0
"2854","ASV476","SCF055-1",0,0
"2855","ASV476","SCF055-4",0,0
"2856","ASV476","SCF055-5",0,0
"2857","ASV477","SCF049-1",0,0
"2858","ASV477","SCF049-2",0,0
"2859","ASV477","SCF049-3",61,0.000128445119190754
"2860","ASV477","SCF055-1",0,0
"2861","ASV477","SCF055-4",0,0
"2862","ASV477","SCF055-5",0,0
"2863","ASV478","SCF049-1",0,0
"2864","ASV478","SCF049-2",0,0
"2865","ASV478","SCF049-3",0,0
"2866","ASV478","SCF055-1",61,0.000258748674443266
"2867","ASV478","SCF055-4",0,0
"2868","ASV478","SCF055-5",0,0
"2869","ASV479","SCF049-1",0,0
"2870","ASV479","SCF049-2",0,0
"2871","ASV479","SCF049-3",0,0
"2872","ASV479","SCF055-1",0,0
"2873","ASV479","SCF055-4",0,0
"2874","ASV479","SCF055-5",61,0.000144972657206211
"2875","ASV480","SCF049-1",60,6.37352014829057e-05
"2876","ASV480","SCF049-2",0,0
"2877","ASV480","SCF049-3",0,0
"2878","ASV480","SCF055-1",0,0
"2879","ASV480","SCF055-4",0,0
"2880","ASV480","SCF055-5",0,0
"2881","ASV481","SCF049-1",0,0
"2882","ASV481","SCF049-2",0,0
"2883","ASV481","SCF049-3",60,0.000126339461499102
"2884","ASV481","SCF055-1",0,0
"2885","ASV481","SCF055-4",0,0
"2886","ASV481","SCF055-5",0,0
"2887","ASV482","SCF049-1",0,0
"2888","ASV482","SCF049-2",0,0
"2889","ASV482","SCF049-3",60,0.000126339461499102
"2890","ASV482","SCF055-1",0,0
"2891","ASV482","SCF055-4",0,0
"2892","ASV482","SCF055-5",0,0
"2893","ASV483","SCF049-1",0,0
"2894","ASV483","SCF049-2",0,0
"2895","ASV483","SCF049-3",0,0
"2896","ASV483","SCF055-1",0,0
"2897","ASV483","SCF055-4",60,9.15344375437649e-05
"2898","ASV483","SCF055-5",0,0
"2899","ASV484","SCF049-1",0,0
"2900","ASV484","SCF049-2",0,0
"2901","ASV484","SCF049-3",0,0
"2902","ASV484","SCF055-1",0,0
"2903","ASV484","SCF055-4",60,9.15344375437649e-05
"2904","ASV484","SCF055-5",0,0
"2905","ASV485","SCF049-1",0,0
"2906","ASV485","SCF049-2",0,0
"2907","ASV485","SCF049-3",0,0
"2908","ASV485","SCF055-1",0,0
"2909","ASV485","SCF055-4",0,0
"2910","ASV485","SCF055-5",60,0.000142596056268404
"2911","ASV486","SCF049-1",0,0
"2912","ASV486","SCF049-2",59,0.000188533338446102
"2913","ASV486","SCF049-3",0,0
"2914","ASV486","SCF055-1",0,0
"2915","ASV486","SCF055-4",0,0
"2916","ASV486","SCF055-5",0,0
"2917","ASV487","SCF049-1",0,0
"2918","ASV487","SCF049-2",59,0.000188533338446102
"2919","ASV487","SCF049-3",0,0
"2920","ASV487","SCF055-1",0,0
"2921","ASV487","SCF055-4",0,0
"2922","ASV487","SCF055-5",0,0
"2923","ASV488","SCF049-1",0,0
"2924","ASV488","SCF049-2",59,0.000188533338446102
"2925","ASV488","SCF049-3",0,0
"2926","ASV488","SCF055-1",0,0
"2927","ASV488","SCF055-4",0,0
"2928","ASV488","SCF055-5",0,0
"2929","ASV489","SCF049-1",0,0
"2930","ASV489","SCF049-2",59,0.000188533338446102
"2931","ASV489","SCF049-3",0,0
"2932","ASV489","SCF055-1",0,0
"2933","ASV489","SCF055-4",0,0
"2934","ASV489","SCF055-5",0,0
"2935","ASV490","SCF049-1",0,0
"2936","ASV490","SCF049-2",59,0.000188533338446102
"2937","ASV490","SCF049-3",0,0
"2938","ASV490","SCF055-1",0,0
"2939","ASV490","SCF055-4",0,0
"2940","ASV490","SCF055-5",0,0
"2941","ASV491","SCF049-1",0,0
"2942","ASV491","SCF049-2",58,0.000185337858133456
"2943","ASV491","SCF049-3",0,0
"2944","ASV491","SCF055-1",0,0
"2945","ASV491","SCF055-4",0,0
"2946","ASV491","SCF055-5",0,0
"2947","ASV492","SCF049-1",0,0
"2948","ASV492","SCF049-2",58,0.000185337858133456
"2949","ASV492","SCF049-3",0,0
"2950","ASV492","SCF055-1",0,0
"2951","ASV492","SCF055-4",0,0
"2952","ASV492","SCF055-5",0,0
"2953","ASV493","SCF049-1",0,0
"2954","ASV493","SCF049-2",58,0.000185337858133456
"2955","ASV493","SCF049-3",0,0
"2956","ASV493","SCF055-1",0,0
"2957","ASV493","SCF055-4",0,0
"2958","ASV493","SCF055-5",0,0
"2959","ASV494","SCF049-1",0,0
"2960","ASV494","SCF049-2",58,0.000185337858133456
"2961","ASV494","SCF049-3",0,0
"2962","ASV494","SCF055-1",0,0
"2963","ASV494","SCF055-4",0,0
"2964","ASV494","SCF055-5",0,0
"2965","ASV495","SCF049-1",0,0
"2966","ASV495","SCF049-2",58,0.000185337858133456
"2967","ASV495","SCF049-3",0,0
"2968","ASV495","SCF055-1",0,0
"2969","ASV495","SCF055-4",0,0
"2970","ASV495","SCF055-5",0,0
"2971","ASV496","SCF049-1",0,0
"2972","ASV496","SCF049-2",58,0.000185337858133456
"2973","ASV496","SCF049-3",0,0
"2974","ASV496","SCF055-1",0,0
"2975","ASV496","SCF055-4",0,0
"2976","ASV496","SCF055-5",0,0
"2977","ASV497","SCF049-1",0,0
"2978","ASV497","SCF049-2",0,0
"2979","ASV497","SCF049-3",58,0.000122128146115799
"2980","ASV497","SCF055-1",0,0
"2981","ASV497","SCF055-4",0,0
"2982","ASV497","SCF055-5",0,0
"2983","ASV498","SCF049-1",0,0
"2984","ASV498","SCF049-2",0,0
"2985","ASV498","SCF049-3",0,0
"2986","ASV498","SCF055-1",0,0
"2987","ASV498","SCF055-4",0,0
"2988","ASV498","SCF055-5",58,0.00013784285439279
"2989","ASV499","SCF049-1",0,0
"2990","ASV499","SCF049-2",0,0
"2991","ASV499","SCF049-3",0,0
"2992","ASV499","SCF055-1",0,0
"2993","ASV499","SCF055-4",0,0
"2994","ASV499","SCF055-5",58,0.00013784285439279
"2995","ASV500","SCF049-1",0,0
"2996","ASV500","SCF049-2",0,0
"2997","ASV500","SCF049-3",0,0
"2998","ASV500","SCF055-1",0,0
"2999","ASV500","SCF055-4",0,0
"3000","ASV500","SCF055-5",58,0.00013784285439279
"3001","ASV501","SCF049-1",0,0
"3002","ASV501","SCF049-2",0,0
"3003","ASV501","SCF049-3",0,0
"3004","ASV501","SCF055-1",0,0
"3005","ASV501","SCF055-4",0,0
"3006","ASV501","SCF055-5",58,0.00013784285439279
"3007","ASV502","SCF049-1",0,0
"3008","ASV502","SCF049-2",0,0
"3009","ASV502","SCF049-3",57,0.000120022488424147
"3010","ASV502","SCF055-1",0,0
"3011","ASV502","SCF055-4",0,0
"3012","ASV502","SCF055-5",0,0
"3013","ASV503","SCF049-1",0,0
"3014","ASV503","SCF049-2",0,0
"3015","ASV503","SCF049-3",0,0
"3016","ASV503","SCF055-1",57,0.000241781548250265
"3017","ASV503","SCF055-4",0,0
"3018","ASV503","SCF055-5",0,0
"3019","ASV504","SCF049-1",0,0
"3020","ASV504","SCF049-2",0,0
"3021","ASV504","SCF049-3",0,0
"3022","ASV504","SCF055-1",0,0
"3023","ASV504","SCF055-4",57,8.69577156665767e-05
"3024","ASV504","SCF055-5",0,0
"3025","ASV505","SCF049-1",0,0
"3026","ASV505","SCF049-2",0,0
"3027","ASV505","SCF049-3",0,0
"3028","ASV505","SCF055-1",0,0
"3029","ASV505","SCF055-4",57,8.69577156665767e-05
"3030","ASV505","SCF055-5",0,0
"3031","ASV506","SCF049-1",0,0
"3032","ASV506","SCF049-2",0,0
"3033","ASV506","SCF049-3",0,0
"3034","ASV506","SCF055-1",0,0
"3035","ASV506","SCF055-4",57,8.69577156665767e-05
"3036","ASV506","SCF055-5",0,0
"3037","ASV507","SCF049-1",0,0
"3038","ASV507","SCF049-2",0,0
"3039","ASV507","SCF049-3",0,0
"3040","ASV507","SCF055-1",0,0
"3041","ASV507","SCF055-4",57,8.69577156665767e-05
"3042","ASV507","SCF055-5",0,0
"3043","ASV508","SCF049-1",0,0
"3044","ASV508","SCF049-2",0,0
"3045","ASV508","SCF049-3",0,0
"3046","ASV508","SCF055-1",0,0
"3047","ASV508","SCF055-4",0,0
"3048","ASV508","SCF055-5",57,0.000135466253454984
"3049","ASV509","SCF049-1",56,5.9486188050712e-05
"3050","ASV509","SCF049-2",0,0
"3051","ASV509","SCF049-3",0,0
"3052","ASV509","SCF055-1",0,0
"3053","ASV509","SCF055-4",0,0
"3054","ASV509","SCF055-5",0,0
"3055","ASV510","SCF049-1",56,5.9486188050712e-05
"3056","ASV510","SCF049-2",0,0
"3057","ASV510","SCF049-3",0,0
"3058","ASV510","SCF055-1",0,0
"3059","ASV510","SCF055-4",0,0
"3060","ASV510","SCF055-5",0,0
"3061","ASV511","SCF049-1",56,5.9486188050712e-05
"3062","ASV511","SCF049-2",0,0
"3063","ASV511","SCF049-3",0,0
"3064","ASV511","SCF055-1",0,0
"3065","ASV511","SCF055-4",0,0
"3066","ASV511","SCF055-5",0,0
"3067","ASV512","SCF049-1",56,5.9486188050712e-05
"3068","ASV512","SCF049-2",0,0
"3069","ASV512","SCF049-3",0,0
"3070","ASV512","SCF055-1",0,0
"3071","ASV512","SCF055-4",0,0
"3072","ASV512","SCF055-5",0,0
"3073","ASV513","SCF049-1",55,5.84239346926635e-05
"3074","ASV513","SCF049-2",0,0
"3075","ASV513","SCF049-3",0,0
"3076","ASV513","SCF055-1",0,0
"3077","ASV513","SCF055-4",0,0
"3078","ASV513","SCF055-5",0,0
"3079","ASV514","SCF049-1",0,0
"3080","ASV514","SCF049-2",55,0.000175751417195519
"3081","ASV514","SCF049-3",0,0
"3082","ASV514","SCF055-1",0,0
"3083","ASV514","SCF055-4",0,0
"3084","ASV514","SCF055-5",0,0
"3085","ASV515","SCF049-1",0,0
"3086","ASV515","SCF049-2",0,0
"3087","ASV515","SCF049-3",0,0
"3088","ASV515","SCF055-1",0,0
"3089","ASV515","SCF055-4",55,8.39065677484512e-05
"3090","ASV515","SCF055-5",0,0
"3091","ASV516","SCF049-1",0,0
"3092","ASV516","SCF049-2",0,0
"3093","ASV516","SCF049-3",0,0
"3094","ASV516","SCF055-1",0,0
"3095","ASV516","SCF055-4",55,8.39065677484512e-05
"3096","ASV516","SCF055-5",0,0
"3097","ASV517","SCF049-1",0,0
"3098","ASV517","SCF049-2",0,0
"3099","ASV517","SCF049-3",0,0
"3100","ASV517","SCF055-1",0,0
"3101","ASV517","SCF055-4",0,0
"3102","ASV517","SCF055-5",55,0.00013071305157937
"3103","ASV518","SCF049-1",0,0
"3104","ASV518","SCF049-2",0,0
"3105","ASV518","SCF049-3",0,0
"3106","ASV518","SCF055-1",54,0.000229056203605514
"3107","ASV518","SCF055-4",0,0
"3108","ASV518","SCF055-5",0,0
"3109","ASV519","SCF049-1",0,0
"3110","ASV519","SCF049-2",0,0
"3111","ASV519","SCF049-3",0,0
"3112","ASV519","SCF055-1",54,0.000229056203605514
"3113","ASV519","SCF055-4",0,0
"3114","ASV519","SCF055-5",0,0
"3115","ASV520","SCF049-1",0,0
"3116","ASV520","SCF049-2",0,0
"3117","ASV520","SCF049-3",0,0
"3118","ASV520","SCF055-1",0,0
"3119","ASV520","SCF055-4",54,8.23809937893884e-05
"3120","ASV520","SCF055-5",0,0
"3121","ASV521","SCF049-1",0,0
"3122","ASV521","SCF049-2",0,0
"3123","ASV521","SCF049-3",0,0
"3124","ASV521","SCF055-1",0,0
"3125","ASV521","SCF055-4",0,0
"3126","ASV521","SCF055-5",54,0.000128336450641563
"3127","ASV522","SCF049-1",0,0
"3128","ASV522","SCF049-2",0,0
"3129","ASV522","SCF049-3",0,0
"3130","ASV522","SCF055-1",0,0
"3131","ASV522","SCF055-4",0,0
"3132","ASV522","SCF055-5",54,0.000128336450641563
"3133","ASV523","SCF049-1",53,5.62994279765667e-05
"3134","ASV523","SCF049-2",0,0
"3135","ASV523","SCF049-3",0,0
"3136","ASV523","SCF055-1",0,0
"3137","ASV523","SCF055-4",0,0
"3138","ASV523","SCF055-5",0,0
"3139","ASV524","SCF049-1",0,0
"3140","ASV524","SCF049-2",53,0.000169360456570227
"3141","ASV524","SCF049-3",0,0
"3142","ASV524","SCF055-1",0,0
"3143","ASV524","SCF055-4",0,0
"3144","ASV524","SCF055-5",0,0
"3145","ASV525","SCF049-1",0,0
"3146","ASV525","SCF049-2",53,0.000169360456570227
"3147","ASV525","SCF049-3",0,0
"3148","ASV525","SCF055-1",0,0
"3149","ASV525","SCF055-4",0,0
"3150","ASV525","SCF055-5",0,0
"3151","ASV526","SCF049-1",0,0
"3152","ASV526","SCF049-2",0,0
"3153","ASV526","SCF049-3",53,0.00011159985765754
"3154","ASV526","SCF055-1",0,0
"3155","ASV526","SCF055-4",0,0
"3156","ASV526","SCF055-5",0,0
"3157","ASV527","SCF049-1",0,0
"3158","ASV527","SCF049-2",0,0
"3159","ASV527","SCF049-3",0,0
"3160","ASV527","SCF055-1",53,0.000224814422057264
"3161","ASV527","SCF055-4",0,0
"3162","ASV527","SCF055-5",0,0
"3163","ASV528","SCF049-1",0,0
"3164","ASV528","SCF049-2",0,0
"3165","ASV528","SCF049-3",0,0
"3166","ASV528","SCF055-1",53,0.000224814422057264
"3167","ASV528","SCF055-4",0,0
"3168","ASV528","SCF055-5",0,0
"3169","ASV529","SCF049-1",0,0
"3170","ASV529","SCF049-2",0,0
"3171","ASV529","SCF049-3",0,0
"3172","ASV529","SCF055-1",0,0
"3173","ASV529","SCF055-4",53,8.08554198303257e-05
"3174","ASV529","SCF055-5",0,0
"3175","ASV530","SCF049-1",0,0
"3176","ASV530","SCF049-2",0,0
"3177","ASV530","SCF049-3",0,0
"3178","ASV530","SCF055-1",0,0
"3179","ASV530","SCF055-4",0,0
"3180","ASV530","SCF055-5",53,0.000125959849703757
"3181","ASV531","SCF049-1",0,0
"3182","ASV531","SCF049-2",0,0
"3183","ASV531","SCF049-3",0,0
"3184","ASV531","SCF055-1",0,0
"3185","ASV531","SCF055-4",0,0
"3186","ASV531","SCF055-5",53,0.000125959849703757
"3187","ASV532","SCF049-1",0,0
"3188","ASV532","SCF049-2",0,0
"3189","ASV532","SCF049-3",0,0
"3190","ASV532","SCF055-1",52,0.000220572640509014
"3191","ASV532","SCF055-4",0,0
"3192","ASV532","SCF055-5",0,0
"3193","ASV533","SCF049-1",0,0
"3194","ASV533","SCF049-2",0,0
"3195","ASV533","SCF049-3",0,0
"3196","ASV533","SCF055-1",52,0.000220572640509014
"3197","ASV533","SCF055-4",0,0
"3198","ASV533","SCF055-5",0,0
"3199","ASV534","SCF049-1",0,0
"3200","ASV534","SCF049-2",0,0
"3201","ASV534","SCF049-3",0,0
"3202","ASV534","SCF055-1",0,0
"3203","ASV534","SCF055-4",52,7.93298458712629e-05
"3204","ASV534","SCF055-5",0,0
"3205","ASV535","SCF049-1",0,0
"3206","ASV535","SCF049-2",0,0
"3207","ASV535","SCF049-3",0,0
"3208","ASV535","SCF055-1",0,0
"3209","ASV535","SCF055-4",52,7.93298458712629e-05
"3210","ASV535","SCF055-5",0,0
"3211","ASV536","SCF049-1",0,0
"3212","ASV536","SCF049-2",0,0
"3213","ASV536","SCF049-3",0,0
"3214","ASV536","SCF055-1",0,0
"3215","ASV536","SCF055-4",52,7.93298458712629e-05
"3216","ASV536","SCF055-5",0,0
"3217","ASV537","SCF049-1",51,5.41749212604698e-05
"3218","ASV537","SCF049-2",0,0
"3219","ASV537","SCF049-3",0,0
"3220","ASV537","SCF055-1",0,0
"3221","ASV537","SCF055-4",0,0
"3222","ASV537","SCF055-5",0,0
"3223","ASV538","SCF049-1",0,0
"3224","ASV538","SCF049-2",51,0.000162969495944935
"3225","ASV538","SCF049-3",0,0
"3226","ASV538","SCF055-1",0,0
"3227","ASV538","SCF055-4",0,0
"3228","ASV538","SCF055-5",0,0
"3229","ASV539","SCF049-1",0,0
"3230","ASV539","SCF049-2",0,0
"3231","ASV539","SCF049-3",0,0
"3232","ASV539","SCF055-1",0,0
"3233","ASV539","SCF055-4",51,7.78042719122002e-05
"3234","ASV539","SCF055-5",0,0
"3235","ASV540","SCF049-1",0,0
"3236","ASV540","SCF049-2",0,0
"3237","ASV540","SCF049-3",0,0
"3238","ASV540","SCF055-1",0,0
"3239","ASV540","SCF055-4",0,0
"3240","ASV540","SCF055-5",51,0.000121206647828143
"3241","ASV541","SCF049-1",0,0
"3242","ASV541","SCF049-2",0,0
"3243","ASV541","SCF049-3",0,0
"3244","ASV541","SCF055-1",0,0
"3245","ASV541","SCF055-4",0,0
"3246","ASV541","SCF055-5",51,0.000121206647828143
"3247","ASV542","SCF049-1",0,0
"3248","ASV542","SCF049-2",0,0
"3249","ASV542","SCF049-3",0,0
"3250","ASV542","SCF055-1",0,0
"3251","ASV542","SCF055-4",0,0
"3252","ASV542","SCF055-5",51,0.000121206647828143
"3253","ASV543","SCF049-1",50,5.31126679024214e-05
"3254","ASV543","SCF049-2",0,0
"3255","ASV543","SCF049-3",0,0
"3256","ASV543","SCF055-1",0,0
"3257","ASV543","SCF055-4",0,0
"3258","ASV543","SCF055-5",0,0
"3259","ASV544","SCF049-1",0,0
"3260","ASV544","SCF049-2",50,0.00015977401563229
"3261","ASV544","SCF049-3",0,0
"3262","ASV544","SCF055-1",0,0
"3263","ASV544","SCF055-4",0,0
"3264","ASV544","SCF055-5",0,0
"3265","ASV545","SCF049-1",0,0
"3266","ASV545","SCF049-2",50,0.00015977401563229
"3267","ASV545","SCF049-3",0,0
"3268","ASV545","SCF055-1",0,0
"3269","ASV545","SCF055-4",0,0
"3270","ASV545","SCF055-5",0,0
"3271","ASV546","SCF049-1",0,0
"3272","ASV546","SCF049-2",0,0
"3273","ASV546","SCF049-3",50,0.000105282884582585
"3274","ASV546","SCF055-1",0,0
"3275","ASV546","SCF055-4",0,0
"3276","ASV546","SCF055-5",0,0
"3277","ASV547","SCF049-1",0,0
"3278","ASV547","SCF049-2",0,0
"3279","ASV547","SCF049-3",0,0
"3280","ASV547","SCF055-1",50,0.000212089077412513
"3281","ASV547","SCF055-4",0,0
"3282","ASV547","SCF055-5",0,0
"3283","ASV548","SCF049-1",0,0
"3284","ASV548","SCF049-2",0,0
"3285","ASV548","SCF049-3",0,0
"3286","ASV548","SCF055-1",50,0.000212089077412513
"3287","ASV548","SCF055-4",0,0
"3288","ASV548","SCF055-5",0,0
"3289","ASV549","SCF049-1",0,0
"3290","ASV549","SCF049-2",0,0
"3291","ASV549","SCF049-3",0,0
"3292","ASV549","SCF055-1",0,0
"3293","ASV549","SCF055-4",0,0
"3294","ASV549","SCF055-5",50,0.000118830046890337
"3295","ASV550","SCF049-1",0,0
"3296","ASV550","SCF049-2",0,0
"3297","ASV550","SCF049-3",0,0
"3298","ASV550","SCF055-1",0,0
"3299","ASV550","SCF055-4",0,0
"3300","ASV550","SCF055-5",50,0.000118830046890337
"3301","ASV551","SCF049-1",0,0
"3302","ASV551","SCF049-2",49,0.000156578535319644
"3303","ASV551","SCF049-3",0,0
"3304","ASV551","SCF055-1",0,0
"3305","ASV551","SCF055-4",0,0
"3306","ASV551","SCF055-5",0,0
"3307","ASV552","SCF049-1",0,0
"3308","ASV552","SCF049-2",49,0.000156578535319644
"3309","ASV552","SCF049-3",0,0
"3310","ASV552","SCF055-1",0,0
"3311","ASV552","SCF055-4",0,0
"3312","ASV552","SCF055-5",0,0
"3313","ASV553","SCF049-1",0,0
"3314","ASV553","SCF049-2",49,0.000156578535319644
"3315","ASV553","SCF049-3",0,0
"3316","ASV553","SCF055-1",0,0
"3317","ASV553","SCF055-4",0,0
"3318","ASV553","SCF055-5",0,0
"3319","ASV554","SCF049-1",0,0
"3320","ASV554","SCF049-2",49,0.000156578535319644
"3321","ASV554","SCF049-3",0,0
"3322","ASV554","SCF055-1",0,0
"3323","ASV554","SCF055-4",0,0
"3324","ASV554","SCF055-5",0,0
"3325","ASV555","SCF049-1",0,0
"3326","ASV555","SCF049-2",49,0.000156578535319644
"3327","ASV555","SCF049-3",0,0
"3328","ASV555","SCF055-1",0,0
"3329","ASV555","SCF055-4",0,0
"3330","ASV555","SCF055-5",0,0
"3331","ASV556","SCF049-1",0,0
"3332","ASV556","SCF049-2",0,0
"3333","ASV556","SCF049-3",49,0.000103177226890933
"3334","ASV556","SCF055-1",0,0
"3335","ASV556","SCF055-4",0,0
"3336","ASV556","SCF055-5",0,0
"3337","ASV557","SCF049-1",0,0
"3338","ASV557","SCF049-2",0,0
"3339","ASV557","SCF049-3",49,0.000103177226890933
"3340","ASV557","SCF055-1",0,0
"3341","ASV557","SCF055-4",0,0
"3342","ASV557","SCF055-5",0,0
"3343","ASV558","SCF049-1",0,0
"3344","ASV558","SCF049-2",0,0
"3345","ASV558","SCF049-3",0,0
"3346","ASV558","SCF055-1",49,0.000207847295864263
"3347","ASV558","SCF055-4",0,0
"3348","ASV558","SCF055-5",0,0
"3349","ASV559","SCF049-1",0,0
"3350","ASV559","SCF049-2",0,0
"3351","ASV559","SCF049-3",0,0
"3352","ASV559","SCF055-1",0,0
"3353","ASV559","SCF055-4",49,7.47531239940747e-05
"3354","ASV559","SCF055-5",0,0
"3355","ASV560","SCF049-1",0,0
"3356","ASV560","SCF049-2",0,0
"3357","ASV560","SCF049-3",0,0
"3358","ASV560","SCF055-1",0,0
"3359","ASV560","SCF055-4",49,7.47531239940747e-05
"3360","ASV560","SCF055-5",0,0
"3361","ASV561","SCF049-1",48,5.09881611863245e-05
"3362","ASV561","SCF049-2",0,0
"3363","ASV561","SCF049-3",0,0
"3364","ASV561","SCF055-1",0,0
"3365","ASV561","SCF055-4",0,0
"3366","ASV561","SCF055-5",0,0
"3367","ASV562","SCF049-1",0,0
"3368","ASV562","SCF049-2",48,0.000153383055006998
"3369","ASV562","SCF049-3",0,0
"3370","ASV562","SCF055-1",0,0
"3371","ASV562","SCF055-4",0,0
"3372","ASV562","SCF055-5",0,0
"3373","ASV563","SCF049-1",0,0
"3374","ASV563","SCF049-2",48,0.000153383055006998
"3375","ASV563","SCF049-3",0,0
"3376","ASV563","SCF055-1",0,0
"3377","ASV563","SCF055-4",0,0
"3378","ASV563","SCF055-5",0,0
"3379","ASV564","SCF049-1",0,0
"3380","ASV564","SCF049-2",0,0
"3381","ASV564","SCF049-3",48,0.000101071569199282
"3382","ASV564","SCF055-1",0,0
"3383","ASV564","SCF055-4",0,0
"3384","ASV564","SCF055-5",0,0
"3385","ASV565","SCF049-1",0,0
"3386","ASV565","SCF049-2",0,0
"3387","ASV565","SCF049-3",0,0
"3388","ASV565","SCF055-1",0,0
"3389","ASV565","SCF055-4",48,7.32275500350119e-05
"3390","ASV565","SCF055-5",0,0
"3391","ASV566","SCF049-1",0,0
"3392","ASV566","SCF049-2",0,0
"3393","ASV566","SCF049-3",0,0
"3394","ASV566","SCF055-1",0,0
"3395","ASV566","SCF055-4",48,7.32275500350119e-05
"3396","ASV566","SCF055-5",0,0
"3397","ASV567","SCF049-1",0,0
"3398","ASV567","SCF049-2",0,0
"3399","ASV567","SCF049-3",0,0
"3400","ASV567","SCF055-1",0,0
"3401","ASV567","SCF055-4",48,7.32275500350119e-05
"3402","ASV567","SCF055-5",0,0
"3403","ASV568","SCF049-1",0,0
"3404","ASV568","SCF049-2",0,0
"3405","ASV568","SCF049-3",0,0
"3406","ASV568","SCF055-1",0,0
"3407","ASV568","SCF055-4",0,0
"3408","ASV568","SCF055-5",48,0.000114076845014723
"3409","ASV569","SCF049-1",0,0
"3410","ASV569","SCF049-2",0,0
"3411","ASV569","SCF049-3",0,0
"3412","ASV569","SCF055-1",0,0
"3413","ASV569","SCF055-4",0,0
"3414","ASV569","SCF055-5",48,0.000114076845014723
"3415","ASV570","SCF049-1",0,0
"3416","ASV570","SCF049-2",0,0
"3417","ASV570","SCF049-3",0,0
"3418","ASV570","SCF055-1",0,0
"3419","ASV570","SCF055-4",0,0
"3420","ASV570","SCF055-5",48,0.000114076845014723
"3421","ASV571","SCF049-1",0,0
"3422","ASV571","SCF049-2",47,0.000150187574694352
"3423","ASV571","SCF049-3",0,0
"3424","ASV571","SCF055-1",0,0
"3425","ASV571","SCF055-4",0,0
"3426","ASV571","SCF055-5",0,0
"3427","ASV572","SCF049-1",0,0
"3428","ASV572","SCF049-2",47,0.000150187574694352
"3429","ASV572","SCF049-3",0,0
"3430","ASV572","SCF055-1",0,0
"3431","ASV572","SCF055-4",0,0
"3432","ASV572","SCF055-5",0,0
"3433","ASV573","SCF049-1",0,0
"3434","ASV573","SCF049-2",47,0.000150187574694352
"3435","ASV573","SCF049-3",0,0
"3436","ASV573","SCF055-1",0,0
"3437","ASV573","SCF055-4",0,0
"3438","ASV573","SCF055-5",0,0
"3439","ASV574","SCF049-1",0,0
"3440","ASV574","SCF049-2",0,0
"3441","ASV574","SCF049-3",0,0
"3442","ASV574","SCF055-1",0,0
"3443","ASV574","SCF055-4",47,7.17019760759492e-05
"3444","ASV574","SCF055-5",0,0
"3445","ASV575","SCF049-1",0,0
"3446","ASV575","SCF049-2",0,0
"3447","ASV575","SCF049-3",0,0
"3448","ASV575","SCF055-1",0,0
"3449","ASV575","SCF055-4",0,0
"3450","ASV575","SCF055-5",47,0.000111700244076916
"3451","ASV576","SCF049-1",0,0
"3452","ASV576","SCF049-2",46,0.000146992094381707
"3453","ASV576","SCF049-3",0,0
"3454","ASV576","SCF055-1",0,0
"3455","ASV576","SCF055-4",0,0
"3456","ASV576","SCF055-5",0,0
"3457","ASV577","SCF049-1",0,0
"3458","ASV577","SCF049-2",46,0.000146992094381707
"3459","ASV577","SCF049-3",0,0
"3460","ASV577","SCF055-1",0,0
"3461","ASV577","SCF055-4",0,0
"3462","ASV577","SCF055-5",0,0
"3463","ASV578","SCF049-1",0,0
"3464","ASV578","SCF049-2",0,0
"3465","ASV578","SCF049-3",0,0
"3466","ASV578","SCF055-1",46,0.000195121951219512
"3467","ASV578","SCF055-4",0,0
"3468","ASV578","SCF055-5",0,0
"3469","ASV579","SCF049-1",0,0
"3470","ASV579","SCF049-2",0,0
"3471","ASV579","SCF049-3",0,0
"3472","ASV579","SCF055-1",0,0
"3473","ASV579","SCF055-4",46,7.01764021168864e-05
"3474","ASV579","SCF055-5",0,0
"3475","ASV580","SCF049-1",0,0
"3476","ASV580","SCF049-2",0,0
"3477","ASV580","SCF049-3",0,0
"3478","ASV580","SCF055-1",0,0
"3479","ASV580","SCF055-4",46,7.01764021168864e-05
"3480","ASV580","SCF055-5",0,0
"3481","ASV581","SCF049-1",0,0
"3482","ASV581","SCF049-2",0,0
"3483","ASV581","SCF049-3",0,0
"3484","ASV581","SCF055-1",0,0
"3485","ASV581","SCF055-4",46,7.01764021168864e-05
"3486","ASV581","SCF055-5",0,0
"3487","ASV582","SCF049-1",0,0
"3488","ASV582","SCF049-2",0,0
"3489","ASV582","SCF049-3",0,0
"3490","ASV582","SCF055-1",0,0
"3491","ASV582","SCF055-4",46,7.01764021168864e-05
"3492","ASV582","SCF055-5",0,0
"3493","ASV583","SCF049-1",0,0
"3494","ASV583","SCF049-2",0,0
"3495","ASV583","SCF049-3",0,0
"3496","ASV583","SCF055-1",0,0
"3497","ASV583","SCF055-4",0,0
"3498","ASV583","SCF055-5",46,0.00010932364313911
"3499","ASV584","SCF049-1",45,4.78014011121793e-05
"3500","ASV584","SCF049-2",0,0
"3501","ASV584","SCF049-3",0,0
"3502","ASV584","SCF055-1",0,0
"3503","ASV584","SCF055-4",0,0
"3504","ASV584","SCF055-5",0,0
"3505","ASV585","SCF049-1",0,0
"3506","ASV585","SCF049-2",0,0
"3507","ASV585","SCF049-3",45,9.47545961243265e-05
"3508","ASV585","SCF055-1",0,0
"3509","ASV585","SCF055-4",0,0
"3510","ASV585","SCF055-5",0,0
"3511","ASV586","SCF049-1",0,0
"3512","ASV586","SCF049-2",0,0
"3513","ASV586","SCF049-3",0,0
"3514","ASV586","SCF055-1",45,0.000190880169671262
"3515","ASV586","SCF055-4",0,0
"3516","ASV586","SCF055-5",0,0
"3517","ASV587","SCF049-1",0,0
"3518","ASV587","SCF049-2",0,0
"3519","ASV587","SCF049-3",0,0
"3520","ASV587","SCF055-1",0,0
"3521","ASV587","SCF055-4",45,6.86508281578237e-05
"3522","ASV587","SCF055-5",0,0
"3523","ASV588","SCF049-1",0,0
"3524","ASV588","SCF049-2",0,0
"3525","ASV588","SCF049-3",0,0
"3526","ASV588","SCF055-1",0,0
"3527","ASV588","SCF055-4",0,0
"3528","ASV588","SCF055-5",45,0.000106947042201303
"3529","ASV589","SCF049-1",0,0
"3530","ASV589","SCF049-2",0,0
"3531","ASV589","SCF049-3",0,0
"3532","ASV589","SCF055-1",0,0
"3533","ASV589","SCF055-4",0,0
"3534","ASV589","SCF055-5",45,0.000106947042201303
"3535","ASV590","SCF049-1",0,0
"3536","ASV590","SCF049-2",0,0
"3537","ASV590","SCF049-3",0,0
"3538","ASV590","SCF055-1",0,0
"3539","ASV590","SCF055-4",0,0
"3540","ASV590","SCF055-5",45,0.000106947042201303
"3541","ASV591","SCF049-1",0,0
"3542","ASV591","SCF049-2",0,0
"3543","ASV591","SCF049-3",0,0
"3544","ASV591","SCF055-1",0,0
"3545","ASV591","SCF055-4",0,0
"3546","ASV591","SCF055-5",45,0.000106947042201303
"3547","ASV592","SCF049-1",0,0
"3548","ASV592","SCF049-2",44,0.000140601133756415
"3549","ASV592","SCF049-3",0,0
"3550","ASV592","SCF055-1",0,0
"3551","ASV592","SCF055-4",0,0
"3552","ASV592","SCF055-5",0,0
"3553","ASV593","SCF049-1",0,0
"3554","ASV593","SCF049-2",0,0
"3555","ASV593","SCF049-3",44,9.26489384326748e-05
"3556","ASV593","SCF055-1",0,0
"3557","ASV593","SCF055-4",0,0
"3558","ASV593","SCF055-5",0,0
"3559","ASV594","SCF049-1",0,0
"3560","ASV594","SCF049-2",0,0
"3561","ASV594","SCF049-3",0,0
"3562","ASV594","SCF055-1",0,0
"3563","ASV594","SCF055-4",0,0
"3564","ASV594","SCF055-5",44,0.000104570441263496
"3565","ASV595","SCF049-1",0,0
"3566","ASV595","SCF049-2",0,0
"3567","ASV595","SCF049-3",43,9.05432807410231e-05
"3568","ASV595","SCF055-1",0,0
"3569","ASV595","SCF055-4",0,0
"3570","ASV595","SCF055-5",0,0
"3571","ASV596","SCF049-1",0,0
"3572","ASV596","SCF049-2",0,0
"3573","ASV596","SCF049-3",0,0
"3574","ASV596","SCF055-1",43,0.000182396606574761
"3575","ASV596","SCF055-4",0,0
"3576","ASV596","SCF055-5",0,0
"3577","ASV597","SCF049-1",0,0
"3578","ASV597","SCF049-2",0,0
"3579","ASV597","SCF049-3",0,0
"3580","ASV597","SCF055-1",0,0
"3581","ASV597","SCF055-4",43,6.55996802396982e-05
"3582","ASV597","SCF055-5",0,0
"3583","ASV598","SCF049-1",0,0
"3584","ASV598","SCF049-2",0,0
"3585","ASV598","SCF049-3",0,0
"3586","ASV598","SCF055-1",0,0
"3587","ASV598","SCF055-4",43,6.55996802396982e-05
"3588","ASV598","SCF055-5",0,0
"3589","ASV599","SCF049-1",0,0
"3590","ASV599","SCF049-2",0,0
"3591","ASV599","SCF049-3",0,0
"3592","ASV599","SCF055-1",0,0
"3593","ASV599","SCF055-4",43,6.55996802396982e-05
"3594","ASV599","SCF055-5",0,0
"3595","ASV600","SCF049-1",0,0
"3596","ASV600","SCF049-2",0,0
"3597","ASV600","SCF049-3",0,0
"3598","ASV600","SCF055-1",0,0
"3599","ASV600","SCF055-4",0,0
"3600","ASV600","SCF055-5",43,0.000102193840325689
"3601","ASV601","SCF049-1",0,0
"3602","ASV601","SCF049-2",42,0.000134210173131123
"3603","ASV601","SCF049-3",0,0
"3604","ASV601","SCF055-1",0,0
"3605","ASV601","SCF055-4",0,0
"3606","ASV601","SCF055-5",0,0
"3607","ASV602","SCF049-1",0,0
"3608","ASV602","SCF049-2",0,0
"3609","ASV602","SCF049-3",42,8.84376230493714e-05
"3610","ASV602","SCF055-1",0,0
"3611","ASV602","SCF055-4",0,0
"3612","ASV602","SCF055-5",0,0
"3613","ASV603","SCF049-1",0,0
"3614","ASV603","SCF049-2",0,0
"3615","ASV603","SCF049-3",42,8.84376230493714e-05
"3616","ASV603","SCF055-1",0,0
"3617","ASV603","SCF055-4",0,0
"3618","ASV603","SCF055-5",0,0
"3619","ASV604","SCF049-1",0,0
"3620","ASV604","SCF049-2",0,0
"3621","ASV604","SCF049-3",42,8.84376230493714e-05
"3622","ASV604","SCF055-1",0,0
"3623","ASV604","SCF055-4",0,0
"3624","ASV604","SCF055-5",0,0
"3625","ASV605","SCF049-1",0,0
"3626","ASV605","SCF049-2",0,0
"3627","ASV605","SCF049-3",0,0
"3628","ASV605","SCF055-1",0,0
"3629","ASV605","SCF055-4",0,0
"3630","ASV605","SCF055-5",42,9.98172393878827e-05
"3631","ASV606","SCF049-1",41,4.35523876799856e-05
"3632","ASV606","SCF049-2",0,0
"3633","ASV606","SCF049-3",0,0
"3634","ASV606","SCF055-1",0,0
"3635","ASV606","SCF055-4",0,0
"3636","ASV606","SCF055-5",0,0
"3637","ASV607","SCF049-1",0,0
"3638","ASV607","SCF049-2",41,0.000131014692818478
"3639","ASV607","SCF049-3",0,0
"3640","ASV607","SCF055-1",0,0
"3641","ASV607","SCF055-4",0,0
"3642","ASV607","SCF055-5",0,0
"3643","ASV608","SCF049-1",0,0
"3644","ASV608","SCF049-2",0,0
"3645","ASV608","SCF049-3",41,8.63319653577197e-05
"3646","ASV608","SCF055-1",0,0
"3647","ASV608","SCF055-4",0,0
"3648","ASV608","SCF055-5",0,0
"3649","ASV609","SCF049-1",0,0
"3650","ASV609","SCF049-2",0,0
"3651","ASV609","SCF049-3",0,0
"3652","ASV609","SCF055-1",0,0
"3653","ASV609","SCF055-4",41,6.25485323215727e-05
"3654","ASV609","SCF055-5",0,0
"3655","ASV610","SCF049-1",0,0
"3656","ASV610","SCF049-2",0,0
"3657","ASV610","SCF049-3",0,0
"3658","ASV610","SCF055-1",0,0
"3659","ASV610","SCF055-4",41,6.25485323215727e-05
"3660","ASV610","SCF055-5",0,0
"3661","ASV611","SCF049-1",0,0
"3662","ASV611","SCF049-2",40,0.000127819212505832
"3663","ASV611","SCF049-3",0,0
"3664","ASV611","SCF055-1",0,0
"3665","ASV611","SCF055-4",0,0
"3666","ASV611","SCF055-5",0,0
"3667","ASV612","SCF049-1",0,0
"3668","ASV612","SCF049-2",40,0.000127819212505832
"3669","ASV612","SCF049-3",0,0
"3670","ASV612","SCF055-1",0,0
"3671","ASV612","SCF055-4",0,0
"3672","ASV612","SCF055-5",0,0
"3673","ASV613","SCF049-1",0,0
"3674","ASV613","SCF049-2",0,0
"3675","ASV613","SCF049-3",40,8.4226307666068e-05
"3676","ASV613","SCF055-1",0,0
"3677","ASV613","SCF055-4",0,0
"3678","ASV613","SCF055-5",0,0
"3679","ASV614","SCF049-1",0,0
"3680","ASV614","SCF049-2",0,0
"3681","ASV614","SCF049-3",40,8.4226307666068e-05
"3682","ASV614","SCF055-1",0,0
"3683","ASV614","SCF055-4",0,0
"3684","ASV614","SCF055-5",0,0
"3685","ASV615","SCF049-1",0,0
"3686","ASV615","SCF049-2",0,0
"3687","ASV615","SCF049-3",40,8.4226307666068e-05
"3688","ASV615","SCF055-1",0,0
"3689","ASV615","SCF055-4",0,0
"3690","ASV615","SCF055-5",0,0
"3691","ASV616","SCF049-1",0,0
"3692","ASV616","SCF049-2",0,0
"3693","ASV616","SCF049-3",40,8.4226307666068e-05
"3694","ASV616","SCF055-1",0,0
"3695","ASV616","SCF055-4",0,0
"3696","ASV616","SCF055-5",0,0
"3697","ASV617","SCF049-1",0,0
"3698","ASV617","SCF049-2",0,0
"3699","ASV617","SCF049-3",0,0
"3700","ASV617","SCF055-1",0,0
"3701","ASV617","SCF055-4",40,6.10229583625099e-05
"3702","ASV617","SCF055-5",0,0
"3703","ASV618","SCF049-1",0,0
"3704","ASV618","SCF049-2",0,0
"3705","ASV618","SCF049-3",0,0
"3706","ASV618","SCF055-1",0,0
"3707","ASV618","SCF055-4",40,6.10229583625099e-05
"3708","ASV618","SCF055-5",0,0
"3709","ASV619","SCF049-1",39,4.14278809638887e-05
"3710","ASV619","SCF049-2",0,0
"3711","ASV619","SCF049-3",0,0
"3712","ASV619","SCF055-1",0,0
"3713","ASV619","SCF055-4",0,0
"3714","ASV619","SCF055-5",0,0
"3715","ASV620","SCF049-1",0,0
"3716","ASV620","SCF049-2",0,0
"3717","ASV620","SCF049-3",39,8.21206499744163e-05
"3718","ASV620","SCF055-1",0,0
"3719","ASV620","SCF055-4",0,0
"3720","ASV620","SCF055-5",0,0
"3721","ASV621","SCF049-1",0,0
"3722","ASV621","SCF049-2",0,0
"3723","ASV621","SCF049-3",0,0
"3724","ASV621","SCF055-1",0,0
"3725","ASV621","SCF055-4",39,5.94973844034472e-05
"3726","ASV621","SCF055-5",0,0
"3727","ASV622","SCF049-1",0,0
"3728","ASV622","SCF049-2",0,0
"3729","ASV622","SCF049-3",0,0
"3730","ASV622","SCF055-1",0,0
"3731","ASV622","SCF055-4",39,5.94973844034472e-05
"3732","ASV622","SCF055-5",0,0
"3733","ASV623","SCF049-1",0,0
"3734","ASV623","SCF049-2",0,0
"3735","ASV623","SCF049-3",0,0
"3736","ASV623","SCF055-1",0,0
"3737","ASV623","SCF055-4",0,0
"3738","ASV623","SCF055-5",39,9.26874365744625e-05
"3739","ASV624","SCF049-1",38,4.03656276058403e-05
"3740","ASV624","SCF049-2",0,0
"3741","ASV624","SCF049-3",0,0
"3742","ASV624","SCF055-1",0,0
"3743","ASV624","SCF055-4",0,0
"3744","ASV624","SCF055-5",0,0
"3745","ASV625","SCF049-1",0,0
"3746","ASV625","SCF049-2",38,0.00012142825188054
"3747","ASV625","SCF049-3",0,0
"3748","ASV625","SCF055-1",0,0
"3749","ASV625","SCF055-4",0,0
"3750","ASV625","SCF055-5",0,0
"3751","ASV626","SCF049-1",0,0
"3752","ASV626","SCF049-2",0,0
"3753","ASV626","SCF049-3",38,8.00149922827646e-05
"3754","ASV626","SCF055-1",0,0
"3755","ASV626","SCF055-4",0,0
"3756","ASV626","SCF055-5",0,0
"3757","ASV627","SCF049-1",0,0
"3758","ASV627","SCF049-2",0,0
"3759","ASV627","SCF049-3",38,8.00149922827646e-05
"3760","ASV627","SCF055-1",0,0
"3761","ASV627","SCF055-4",0,0
"3762","ASV627","SCF055-5",0,0
"3763","ASV628","SCF049-1",0,0
"3764","ASV628","SCF049-2",0,0
"3765","ASV628","SCF049-3",0,0
"3766","ASV628","SCF055-1",0,0
"3767","ASV628","SCF055-4",38,5.79718104443844e-05
"3768","ASV628","SCF055-5",0,0
"3769","ASV629","SCF049-1",0,0
"3770","ASV629","SCF049-2",0,0
"3771","ASV629","SCF049-3",0,0
"3772","ASV629","SCF055-1",0,0
"3773","ASV629","SCF055-4",38,5.79718104443844e-05
"3774","ASV629","SCF055-5",0,0
"3775","ASV630","SCF049-1",0,0
"3776","ASV630","SCF049-2",0,0
"3777","ASV630","SCF049-3",0,0
"3778","ASV630","SCF055-1",0,0
"3779","ASV630","SCF055-4",0,0
"3780","ASV630","SCF055-5",38,9.03108356366557e-05
"3781","ASV631","SCF049-1",0,0
"3782","ASV631","SCF049-2",0,0
"3783","ASV631","SCF049-3",0,0
"3784","ASV631","SCF055-1",0,0
"3785","ASV631","SCF055-4",0,0
"3786","ASV631","SCF055-5",38,9.03108356366557e-05
"3787","ASV632","SCF049-1",0,0
"3788","ASV632","SCF049-2",0,0
"3789","ASV632","SCF049-3",0,0
"3790","ASV632","SCF055-1",0,0
"3791","ASV632","SCF055-4",0,0
"3792","ASV632","SCF055-5",38,9.03108356366557e-05
"3793","ASV633","SCF049-1",37,3.93033742477918e-05
"3794","ASV633","SCF049-2",0,0
"3795","ASV633","SCF049-3",0,0
"3796","ASV633","SCF055-1",0,0
"3797","ASV633","SCF055-4",0,0
"3798","ASV633","SCF055-5",0,0
"3799","ASV634","SCF049-1",37,3.93033742477918e-05
"3800","ASV634","SCF049-2",0,0
"3801","ASV634","SCF049-3",0,0
"3802","ASV634","SCF055-1",0,0
"3803","ASV634","SCF055-4",0,0
"3804","ASV634","SCF055-5",0,0
"3805","ASV635","SCF049-1",0,0
"3806","ASV635","SCF049-2",37,0.000118232771567894
"3807","ASV635","SCF049-3",0,0
"3808","ASV635","SCF055-1",0,0
"3809","ASV635","SCF055-4",0,0
"3810","ASV635","SCF055-5",0,0
"3811","ASV636","SCF049-1",0,0
"3812","ASV636","SCF049-2",0,0
"3813","ASV636","SCF049-3",37,7.79093345911129e-05
"3814","ASV636","SCF055-1",0,0
"3815","ASV636","SCF055-4",0,0
"3816","ASV636","SCF055-5",0,0
"3817","ASV637","SCF049-1",0,0
"3818","ASV637","SCF049-2",0,0
"3819","ASV637","SCF049-3",0,0
"3820","ASV637","SCF055-1",0,0
"3821","ASV637","SCF055-4",37,5.64462364853217e-05
"3822","ASV637","SCF055-5",0,0
"3823","ASV638","SCF049-1",0,0
"3824","ASV638","SCF049-2",0,0
"3825","ASV638","SCF049-3",0,0
"3826","ASV638","SCF055-1",0,0
"3827","ASV638","SCF055-4",37,5.64462364853217e-05
"3828","ASV638","SCF055-5",0,0
"3829","ASV639","SCF049-1",0,0
"3830","ASV639","SCF049-2",0,0
"3831","ASV639","SCF049-3",0,0
"3832","ASV639","SCF055-1",0,0
"3833","ASV639","SCF055-4",37,5.64462364853217e-05
"3834","ASV639","SCF055-5",0,0
"3835","ASV640","SCF049-1",0,0
"3836","ASV640","SCF049-2",0,0
"3837","ASV640","SCF049-3",0,0
"3838","ASV640","SCF055-1",0,0
"3839","ASV640","SCF055-4",0,0
"3840","ASV640","SCF055-5",37,8.7934234698849e-05
"3841","ASV641","SCF049-1",0,0
"3842","ASV641","SCF049-2",0,0
"3843","ASV641","SCF049-3",0,0
"3844","ASV641","SCF055-1",0,0
"3845","ASV641","SCF055-4",0,0
"3846","ASV641","SCF055-5",37,8.7934234698849e-05
"3847","ASV642","SCF049-1",36,3.82411208897434e-05
"3848","ASV642","SCF049-2",0,0
"3849","ASV642","SCF049-3",0,0
"3850","ASV642","SCF055-1",0,0
"3851","ASV642","SCF055-4",0,0
"3852","ASV642","SCF055-5",0,0
"3853","ASV643","SCF049-1",0,0
"3854","ASV643","SCF049-2",36,0.000115037291255249
"3855","ASV643","SCF049-3",0,0
"3856","ASV643","SCF055-1",0,0
"3857","ASV643","SCF055-4",0,0
"3858","ASV643","SCF055-5",0,0
"3859","ASV644","SCF049-1",0,0
"3860","ASV644","SCF049-2",0,0
"3861","ASV644","SCF049-3",36,7.58036768994612e-05
"3862","ASV644","SCF055-1",0,0
"3863","ASV644","SCF055-4",0,0
"3864","ASV644","SCF055-5",0,0
"3865","ASV645","SCF049-1",0,0
"3866","ASV645","SCF049-2",0,0
"3867","ASV645","SCF049-3",0,0
"3868","ASV645","SCF055-1",0,0
"3869","ASV645","SCF055-4",36,5.49206625262589e-05
"3870","ASV645","SCF055-5",0,0
"3871","ASV646","SCF049-1",0,0
"3872","ASV646","SCF049-2",0,0
"3873","ASV646","SCF049-3",0,0
"3874","ASV646","SCF055-1",0,0
"3875","ASV646","SCF055-4",0,0
"3876","ASV646","SCF055-5",36,8.55576337610423e-05
"3877","ASV647","SCF049-1",35,3.7178867531695e-05
"3878","ASV647","SCF049-2",0,0
"3879","ASV647","SCF049-3",0,0
"3880","ASV647","SCF055-1",0,0
"3881","ASV647","SCF055-4",0,0
"3882","ASV647","SCF055-5",0,0
"3883","ASV648","SCF049-1",35,3.7178867531695e-05
"3884","ASV648","SCF049-2",0,0
"3885","ASV648","SCF049-3",0,0
"3886","ASV648","SCF055-1",0,0
"3887","ASV648","SCF055-4",0,0
"3888","ASV648","SCF055-5",0,0
"3889","ASV649","SCF049-1",0,0
"3890","ASV649","SCF049-2",0,0
"3891","ASV649","SCF049-3",35,7.36980192078095e-05
"3892","ASV649","SCF055-1",0,0
"3893","ASV649","SCF055-4",0,0
"3894","ASV649","SCF055-5",0,0
"3895","ASV650","SCF049-1",0,0
"3896","ASV650","SCF049-2",0,0
"3897","ASV650","SCF049-3",0,0
"3898","ASV650","SCF055-1",0,0
"3899","ASV650","SCF055-4",35,5.33950885671962e-05
"3900","ASV650","SCF055-5",0,0
"3901","ASV651","SCF049-1",0,0
"3902","ASV651","SCF049-2",0,0
"3903","ASV651","SCF049-3",0,0
"3904","ASV651","SCF055-1",0,0
"3905","ASV651","SCF055-4",35,5.33950885671962e-05
"3906","ASV651","SCF055-5",0,0
"3907","ASV652","SCF049-1",0,0
"3908","ASV652","SCF049-2",0,0
"3909","ASV652","SCF049-3",0,0
"3910","ASV652","SCF055-1",0,0
"3911","ASV652","SCF055-4",35,5.33950885671962e-05
"3912","ASV652","SCF055-5",0,0
"3913","ASV653","SCF049-1",0,0
"3914","ASV653","SCF049-2",0,0
"3915","ASV653","SCF049-3",0,0
"3916","ASV653","SCF055-1",0,0
"3917","ASV653","SCF055-4",0,0
"3918","ASV653","SCF055-5",35,8.31810328232355e-05
"3919","ASV654","SCF049-1",0,0
"3920","ASV654","SCF049-2",0,0
"3921","ASV654","SCF049-3",0,0
"3922","ASV654","SCF055-1",0,0
"3923","ASV654","SCF055-4",0,0
"3924","ASV654","SCF055-5",35,8.31810328232355e-05
"3925","ASV655","SCF049-1",0,0
"3926","ASV655","SCF049-2",34,0.000108646330629957
"3927","ASV655","SCF049-3",0,0
"3928","ASV655","SCF055-1",0,0
"3929","ASV655","SCF055-4",0,0
"3930","ASV655","SCF055-5",0,0
"3931","ASV656","SCF049-1",0,0
"3932","ASV656","SCF049-2",34,0.000108646330629957
"3933","ASV656","SCF049-3",0,0
"3934","ASV656","SCF055-1",0,0
"3935","ASV656","SCF055-4",0,0
"3936","ASV656","SCF055-5",0,0
"3937","ASV657","SCF049-1",0,0
"3938","ASV657","SCF049-2",0,0
"3939","ASV657","SCF049-3",34,7.15923615161578e-05
"3940","ASV657","SCF055-1",0,0
"3941","ASV657","SCF055-4",0,0
"3942","ASV657","SCF055-5",0,0
"3943","ASV658","SCF049-1",0,0
"3944","ASV658","SCF049-2",0,0
"3945","ASV658","SCF049-3",34,7.15923615161578e-05
"3946","ASV658","SCF055-1",0,0
"3947","ASV658","SCF055-4",0,0
"3948","ASV658","SCF055-5",0,0
"3949","ASV659","SCF049-1",0,0
"3950","ASV659","SCF049-2",0,0
"3951","ASV659","SCF049-3",34,7.15923615161578e-05
"3952","ASV659","SCF055-1",0,0
"3953","ASV659","SCF055-4",0,0
"3954","ASV659","SCF055-5",0,0
"3955","ASV660","SCF049-1",0,0
"3956","ASV660","SCF049-2",0,0
"3957","ASV660","SCF049-3",34,7.15923615161578e-05
"3958","ASV660","SCF055-1",0,0
"3959","ASV660","SCF055-4",0,0
"3960","ASV660","SCF055-5",0,0
"3961","ASV661","SCF049-1",0,0
"3962","ASV661","SCF049-2",0,0
"3963","ASV661","SCF049-3",0,0
"3964","ASV661","SCF055-1",0,0
"3965","ASV661","SCF055-4",34,5.18695146081334e-05
"3966","ASV661","SCF055-5",0,0
"3967","ASV662","SCF049-1",0,0
"3968","ASV662","SCF049-2",0,0
"3969","ASV662","SCF049-3",0,0
"3970","ASV662","SCF055-1",0,0
"3971","ASV662","SCF055-4",34,5.18695146081334e-05
"3972","ASV662","SCF055-5",0,0
"3973","ASV663","SCF049-1",33,3.50543608155981e-05
"3974","ASV663","SCF049-2",0,0
"3975","ASV663","SCF049-3",0,0
"3976","ASV663","SCF055-1",0,0
"3977","ASV663","SCF055-4",0,0
"3978","ASV663","SCF055-5",0,0
"3979","ASV664","SCF049-1",0,0
"3980","ASV664","SCF049-2",33,0.000105450850317311
"3981","ASV664","SCF049-3",0,0
"3982","ASV664","SCF055-1",0,0
"3983","ASV664","SCF055-4",0,0
"3984","ASV664","SCF055-5",0,0
"3985","ASV665","SCF049-1",0,0
"3986","ASV665","SCF049-2",0,0
"3987","ASV665","SCF049-3",33,6.94867038245061e-05
"3988","ASV665","SCF055-1",0,0
"3989","ASV665","SCF055-4",0,0
"3990","ASV665","SCF055-5",0,0
"3991","ASV666","SCF049-1",0,0
"3992","ASV666","SCF049-2",0,0
"3993","ASV666","SCF049-3",0,0
"3994","ASV666","SCF055-1",0,0
"3995","ASV666","SCF055-4",33,5.03439406490707e-05
"3996","ASV666","SCF055-5",0,0
"3997","ASV667","SCF049-1",0,0
"3998","ASV667","SCF049-2",32,0.000102255370004665
"3999","ASV667","SCF049-3",0,0
"4000","ASV667","SCF055-1",0,0
"4001","ASV667","SCF055-4",0,0
"4002","ASV667","SCF055-5",0,0
"4003","ASV668","SCF049-1",0,0
"4004","ASV668","SCF049-2",32,0.000102255370004665
"4005","ASV668","SCF049-3",0,0
"4006","ASV668","SCF055-1",0,0
"4007","ASV668","SCF055-4",0,0
"4008","ASV668","SCF055-5",0,0
"4009","ASV669","SCF049-1",0,0
"4010","ASV669","SCF049-2",0,0
"4011","ASV669","SCF049-3",32,6.73810461328544e-05
"4012","ASV669","SCF055-1",0,0
"4013","ASV669","SCF055-4",0,0
"4014","ASV669","SCF055-5",0,0
"4015","ASV670","SCF049-1",0,0
"4016","ASV670","SCF049-2",0,0
"4017","ASV670","SCF049-3",32,6.73810461328544e-05
"4018","ASV670","SCF055-1",0,0
"4019","ASV670","SCF055-4",0,0
"4020","ASV670","SCF055-5",0,0
"4021","ASV671","SCF049-1",0,0
"4022","ASV671","SCF049-2",0,0
"4023","ASV671","SCF049-3",32,6.73810461328544e-05
"4024","ASV671","SCF055-1",0,0
"4025","ASV671","SCF055-4",0,0
"4026","ASV671","SCF055-5",0,0
"4027","ASV672","SCF049-1",0,0
"4028","ASV672","SCF049-2",0,0
"4029","ASV672","SCF049-3",32,6.73810461328544e-05
"4030","ASV672","SCF055-1",0,0
"4031","ASV672","SCF055-4",0,0
"4032","ASV672","SCF055-5",0,0
"4033","ASV673","SCF049-1",0,0
"4034","ASV673","SCF049-2",0,0
"4035","ASV673","SCF049-3",0,0
"4036","ASV673","SCF055-1",32,0.000135737009544008
"4037","ASV673","SCF055-4",0,0
"4038","ASV673","SCF055-5",0,0
"4039","ASV674","SCF049-1",0,0
"4040","ASV674","SCF049-2",0,0
"4041","ASV674","SCF049-3",0,0
"4042","ASV674","SCF055-1",0,0
"4043","ASV674","SCF055-4",32,4.8818366690008e-05
"4044","ASV674","SCF055-5",0,0
"4045","ASV675","SCF049-1",31,3.29298540995013e-05
"4046","ASV675","SCF049-2",0,0
"4047","ASV675","SCF049-3",0,0
"4048","ASV675","SCF055-1",0,0
"4049","ASV675","SCF055-4",0,0
"4050","ASV675","SCF055-5",0,0
"4051","ASV676","SCF049-1",31,3.29298540995013e-05
"4052","ASV676","SCF049-2",0,0
"4053","ASV676","SCF049-3",0,0
"4054","ASV676","SCF055-1",0,0
"4055","ASV676","SCF055-4",0,0
"4056","ASV676","SCF055-5",0,0
"4057","ASV677","SCF049-1",0,0
"4058","ASV677","SCF049-2",31,9.90598896920196e-05
"4059","ASV677","SCF049-3",0,0
"4060","ASV677","SCF055-1",0,0
"4061","ASV677","SCF055-4",0,0
"4062","ASV677","SCF055-5",0,0
"4063","ASV678","SCF049-1",0,0
"4064","ASV678","SCF049-2",31,9.90598896920196e-05
"4065","ASV678","SCF049-3",0,0
"4066","ASV678","SCF055-1",0,0
"4067","ASV678","SCF055-4",0,0
"4068","ASV678","SCF055-5",0,0
"4069","ASV679","SCF049-1",0,0
"4070","ASV679","SCF049-2",0,0
"4071","ASV679","SCF049-3",31,6.52753884412027e-05
"4072","ASV679","SCF055-1",0,0
"4073","ASV679","SCF055-4",0,0
"4074","ASV679","SCF055-5",0,0
"4075","ASV680","SCF049-1",0,0
"4076","ASV680","SCF049-2",0,0
"4077","ASV680","SCF049-3",0,0
"4078","ASV680","SCF055-1",0,0
"4079","ASV680","SCF055-4",31,4.72927927309452e-05
"4080","ASV680","SCF055-5",0,0
"4081","ASV681","SCF049-1",0,0
"4082","ASV681","SCF049-2",0,0
"4083","ASV681","SCF049-3",0,0
"4084","ASV681","SCF055-1",0,0
"4085","ASV681","SCF055-4",0,0
"4086","ASV681","SCF055-5",31,7.36746290720086e-05
"4087","ASV682","SCF049-1",0,0
"4088","ASV682","SCF049-2",0,0
"4089","ASV682","SCF049-3",0,0
"4090","ASV682","SCF055-1",0,0
"4091","ASV682","SCF055-4",0,0
"4092","ASV682","SCF055-5",31,7.36746290720086e-05
"4093","ASV683","SCF049-1",0,0
"4094","ASV683","SCF049-2",0,0
"4095","ASV683","SCF049-3",0,0
"4096","ASV683","SCF055-1",0,0
"4097","ASV683","SCF055-4",0,0
"4098","ASV683","SCF055-5",31,7.36746290720086e-05
"4099","ASV684","SCF049-1",30,3.18676007414528e-05
"4100","ASV684","SCF049-2",0,0
"4101","ASV684","SCF049-3",0,0
"4102","ASV684","SCF055-1",0,0
"4103","ASV684","SCF055-4",0,0
"4104","ASV684","SCF055-5",0,0
"4105","ASV685","SCF049-1",0,0
"4106","ASV685","SCF049-2",0,0
"4107","ASV685","SCF049-3",30,6.3169730749551e-05
"4108","ASV685","SCF055-1",0,0
"4109","ASV685","SCF055-4",0,0
"4110","ASV685","SCF055-5",0,0
"4111","ASV686","SCF049-1",0,0
"4112","ASV686","SCF049-2",0,0
"4113","ASV686","SCF049-3",30,6.3169730749551e-05
"4114","ASV686","SCF055-1",0,0
"4115","ASV686","SCF055-4",0,0
"4116","ASV686","SCF055-5",0,0
"4117","ASV687","SCF049-1",0,0
"4118","ASV687","SCF049-2",0,0
"4119","ASV687","SCF049-3",30,6.3169730749551e-05
"4120","ASV687","SCF055-1",0,0
"4121","ASV687","SCF055-4",0,0
"4122","ASV687","SCF055-5",0,0
"4123","ASV688","SCF049-1",0,0
"4124","ASV688","SCF049-2",0,0
"4125","ASV688","SCF049-3",30,6.3169730749551e-05
"4126","ASV688","SCF055-1",0,0
"4127","ASV688","SCF055-4",0,0
"4128","ASV688","SCF055-5",0,0
"4129","ASV689","SCF049-1",0,0
"4130","ASV689","SCF049-2",0,0
"4131","ASV689","SCF049-3",0,0
"4132","ASV689","SCF055-1",30,0.000127253446447508
"4133","ASV689","SCF055-4",0,0
"4134","ASV689","SCF055-5",0,0
"4135","ASV690","SCF049-1",29,3.08053473834044e-05
"4136","ASV690","SCF049-2",0,0
"4137","ASV690","SCF049-3",0,0
"4138","ASV690","SCF055-1",0,0
"4139","ASV690","SCF055-4",0,0
"4140","ASV690","SCF055-5",0,0
"4141","ASV691","SCF049-1",0,0
"4142","ASV691","SCF049-2",0,0
"4143","ASV691","SCF049-3",29,6.10640730578993e-05
"4144","ASV691","SCF055-1",0,0
"4145","ASV691","SCF055-4",0,0
"4146","ASV691","SCF055-5",0,0
"4147","ASV692","SCF049-1",0,0
"4148","ASV692","SCF049-2",0,0
"4149","ASV692","SCF049-3",0,0
"4150","ASV692","SCF055-1",29,0.000123011664899258
"4151","ASV692","SCF055-4",0,0
"4152","ASV692","SCF055-5",0,0
"4153","ASV693","SCF049-1",0,0
"4154","ASV693","SCF049-2",0,0
"4155","ASV693","SCF049-3",0,0
"4156","ASV693","SCF055-1",0,0
"4157","ASV693","SCF055-4",29,4.42416448128197e-05
"4158","ASV693","SCF055-5",0,0
"4159","ASV694","SCF049-1",28,2.9743094025356e-05
"4160","ASV694","SCF049-2",0,0
"4161","ASV694","SCF049-3",0,0
"4162","ASV694","SCF055-1",0,0
"4163","ASV694","SCF055-4",0,0
"4164","ASV694","SCF055-5",0,0
"4165","ASV695","SCF049-1",28,2.9743094025356e-05
"4166","ASV695","SCF049-2",0,0
"4167","ASV695","SCF049-3",0,0
"4168","ASV695","SCF055-1",0,0
"4169","ASV695","SCF055-4",0,0
"4170","ASV695","SCF055-5",0,0
"4171","ASV696","SCF049-1",28,2.9743094025356e-05
"4172","ASV696","SCF049-2",0,0
"4173","ASV696","SCF049-3",0,0
"4174","ASV696","SCF055-1",0,0
"4175","ASV696","SCF055-4",0,0
"4176","ASV696","SCF055-5",0,0
"4177","ASV697","SCF049-1",0,0
"4178","ASV697","SCF049-2",0,0
"4179","ASV697","SCF049-3",0,0
"4180","ASV697","SCF055-1",0,0
"4181","ASV697","SCF055-4",0,0
"4182","ASV697","SCF055-5",28,6.65448262585884e-05
"4183","ASV698","SCF049-1",27,2.86808406673076e-05
"4184","ASV698","SCF049-2",0,0
"4185","ASV698","SCF049-3",0,0
"4186","ASV698","SCF055-1",0,0
"4187","ASV698","SCF055-4",0,0
"4188","ASV698","SCF055-5",0,0
"4189","ASV699","SCF049-1",0,0
"4190","ASV699","SCF049-2",27,8.62779684414364e-05
"4191","ASV699","SCF049-3",0,0
"4192","ASV699","SCF055-1",0,0
"4193","ASV699","SCF055-4",0,0
"4194","ASV699","SCF055-5",0,0
"4195","ASV700","SCF049-1",0,0
"4196","ASV700","SCF049-2",27,8.62779684414364e-05
"4197","ASV700","SCF049-3",0,0
"4198","ASV700","SCF055-1",0,0
"4199","ASV700","SCF055-4",0,0
"4200","ASV700","SCF055-5",0,0
"4201","ASV701","SCF049-1",0,0
"4202","ASV701","SCF049-2",27,8.62779684414364e-05
"4203","ASV701","SCF049-3",0,0
"4204","ASV701","SCF055-1",0,0
"4205","ASV701","SCF055-4",0,0
"4206","ASV701","SCF055-5",0,0
"4207","ASV702","SCF049-1",0,0
"4208","ASV702","SCF049-2",27,8.62779684414364e-05
"4209","ASV702","SCF049-3",0,0
"4210","ASV702","SCF055-1",0,0
"4211","ASV702","SCF055-4",0,0
"4212","ASV702","SCF055-5",0,0
"4213","ASV703","SCF049-1",0,0
"4214","ASV703","SCF049-2",0,0
"4215","ASV703","SCF049-3",27,5.68527576745959e-05
"4216","ASV703","SCF055-1",0,0
"4217","ASV703","SCF055-4",0,0
"4218","ASV703","SCF055-5",0,0
"4219","ASV704","SCF049-1",0,0
"4220","ASV704","SCF049-2",26,8.30824881287906e-05
"4221","ASV704","SCF049-3",0,0
"4222","ASV704","SCF055-1",0,0
"4223","ASV704","SCF055-4",0,0
"4224","ASV704","SCF055-5",0,0
"4225","ASV705","SCF049-1",0,0
"4226","ASV705","SCF049-2",26,8.30824881287906e-05
"4227","ASV705","SCF049-3",0,0
"4228","ASV705","SCF055-1",0,0
"4229","ASV705","SCF055-4",0,0
"4230","ASV705","SCF055-5",0,0
"4231","ASV706","SCF049-1",0,0
"4232","ASV706","SCF049-2",0,0
"4233","ASV706","SCF049-3",26,5.47470999829442e-05
"4234","ASV706","SCF055-1",0,0
"4235","ASV706","SCF055-4",0,0
"4236","ASV706","SCF055-5",0,0
"4237","ASV707","SCF049-1",0,0
"4238","ASV707","SCF049-2",0,0
"4239","ASV707","SCF049-3",0,0
"4240","ASV707","SCF055-1",26,0.000110286320254507
"4241","ASV707","SCF055-4",0,0
"4242","ASV707","SCF055-5",0,0
"4243","ASV708","SCF049-1",0,0
"4244","ASV708","SCF049-2",0,0
"4245","ASV708","SCF049-3",0,0
"4246","ASV708","SCF055-1",0,0
"4247","ASV708","SCF055-4",26,3.96649229356315e-05
"4248","ASV708","SCF055-5",0,0
"4249","ASV709","SCF049-1",0,0
"4250","ASV709","SCF049-2",0,0
"4251","ASV709","SCF049-3",0,0
"4252","ASV709","SCF055-1",0,0
"4253","ASV709","SCF055-4",26,3.96649229356315e-05
"4254","ASV709","SCF055-5",0,0
"4255","ASV710","SCF049-1",0,0
"4256","ASV710","SCF049-2",0,0
"4257","ASV710","SCF049-3",0,0
"4258","ASV710","SCF055-1",0,0
"4259","ASV710","SCF055-4",26,3.96649229356315e-05
"4260","ASV710","SCF055-5",0,0
"4261","ASV711","SCF049-1",0,0
"4262","ASV711","SCF049-2",0,0
"4263","ASV711","SCF049-3",0,0
"4264","ASV711","SCF055-1",0,0
"4265","ASV711","SCF055-4",26,3.96649229356315e-05
"4266","ASV711","SCF055-5",0,0
"4267","ASV712","SCF049-1",25,2.65563339512107e-05
"4268","ASV712","SCF049-2",0,0
"4269","ASV712","SCF049-3",0,0
"4270","ASV712","SCF055-1",0,0
"4271","ASV712","SCF055-4",0,0
"4272","ASV712","SCF055-5",0,0
"4273","ASV713","SCF049-1",25,2.65563339512107e-05
"4274","ASV713","SCF049-2",0,0
"4275","ASV713","SCF049-3",0,0
"4276","ASV713","SCF055-1",0,0
"4277","ASV713","SCF055-4",0,0
"4278","ASV713","SCF055-5",0,0
"4279","ASV714","SCF049-1",0,0
"4280","ASV714","SCF049-2",25,7.98870078161448e-05
"4281","ASV714","SCF049-3",0,0
"4282","ASV714","SCF055-1",0,0
"4283","ASV714","SCF055-4",0,0
"4284","ASV714","SCF055-5",0,0
"4285","ASV715","SCF049-1",0,0
"4286","ASV715","SCF049-2",0,0
"4287","ASV715","SCF049-3",0,0
"4288","ASV715","SCF055-1",0,0
"4289","ASV715","SCF055-4",25,3.81393489765687e-05
"4290","ASV715","SCF055-5",0,0
"4291","ASV716","SCF049-1",0,0
"4292","ASV716","SCF049-2",0,0
"4293","ASV716","SCF049-3",0,0
"4294","ASV716","SCF055-1",0,0
"4295","ASV716","SCF055-4",0,0
"4296","ASV716","SCF055-5",25,5.94150234451683e-05
"4297","ASV717","SCF049-1",0,0
"4298","ASV717","SCF049-2",0,0
"4299","ASV717","SCF049-3",0,0
"4300","ASV717","SCF055-1",0,0
"4301","ASV717","SCF055-4",0,0
"4302","ASV717","SCF055-5",25,5.94150234451683e-05
"4303","ASV718","SCF049-1",0,0
"4304","ASV718","SCF049-2",0,0
"4305","ASV718","SCF049-3",24,5.05357845996408e-05
"4306","ASV718","SCF055-1",0,0
"4307","ASV718","SCF055-4",0,0
"4308","ASV718","SCF055-5",0,0
"4309","ASV719","SCF049-1",0,0
"4310","ASV719","SCF049-2",0,0
"4311","ASV719","SCF049-3",0,0
"4312","ASV719","SCF055-1",0,0
"4313","ASV719","SCF055-4",24,3.6613775017506e-05
"4314","ASV719","SCF055-5",0,0
"4315","ASV720","SCF049-1",0,0
"4316","ASV720","SCF049-2",0,0
"4317","ASV720","SCF049-3",0,0
"4318","ASV720","SCF055-1",0,0
"4319","ASV720","SCF055-4",24,3.6613775017506e-05
"4320","ASV720","SCF055-5",0,0
"4321","ASV721","SCF049-1",23,2.44318272351138e-05
"4322","ASV721","SCF049-2",0,0
"4323","ASV721","SCF049-3",0,0
"4324","ASV721","SCF055-1",0,0
"4325","ASV721","SCF055-4",0,0
"4326","ASV721","SCF055-5",0,0
"4327","ASV722","SCF049-1",0,0
"4328","ASV722","SCF049-2",0,0
"4329","ASV722","SCF049-3",23,4.84301269079891e-05
"4330","ASV722","SCF055-1",0,0
"4331","ASV722","SCF055-4",0,0
"4332","ASV722","SCF055-5",0,0
"4333","ASV723","SCF049-1",0,0
"4334","ASV723","SCF049-2",0,0
"4335","ASV723","SCF049-3",23,4.84301269079891e-05
"4336","ASV723","SCF055-1",0,0
"4337","ASV723","SCF055-4",0,0
"4338","ASV723","SCF055-5",0,0
"4339","ASV724","SCF049-1",0,0
"4340","ASV724","SCF049-2",0,0
"4341","ASV724","SCF049-3",23,4.84301269079891e-05
"4342","ASV724","SCF055-1",0,0
"4343","ASV724","SCF055-4",0,0
"4344","ASV724","SCF055-5",0,0
"4345","ASV725","SCF049-1",0,0
"4346","ASV725","SCF049-2",0,0
"4347","ASV725","SCF049-3",23,4.84301269079891e-05
"4348","ASV725","SCF055-1",0,0
"4349","ASV725","SCF055-4",0,0
"4350","ASV725","SCF055-5",0,0
"4351","ASV726","SCF049-1",0,0
"4352","ASV726","SCF049-2",0,0
"4353","ASV726","SCF049-3",0,0
"4354","ASV726","SCF055-1",23,9.75609756097561e-05
"4355","ASV726","SCF055-4",0,0
"4356","ASV726","SCF055-5",0,0
"4357","ASV727","SCF049-1",0,0
"4358","ASV727","SCF049-2",0,0
"4359","ASV727","SCF049-3",0,0
"4360","ASV727","SCF055-1",0,0
"4361","ASV727","SCF055-4",23,3.50882010584432e-05
"4362","ASV727","SCF055-5",0,0
"4363","ASV728","SCF049-1",0,0
"4364","ASV728","SCF049-2",0,0
"4365","ASV728","SCF049-3",0,0
"4366","ASV728","SCF055-1",0,0
"4367","ASV728","SCF055-4",23,3.50882010584432e-05
"4368","ASV728","SCF055-5",0,0
"4369","ASV729","SCF049-1",0,0
"4370","ASV729","SCF049-2",0,0
"4371","ASV729","SCF049-3",0,0
"4372","ASV729","SCF055-1",0,0
"4373","ASV729","SCF055-4",23,3.50882010584432e-05
"4374","ASV729","SCF055-5",0,0
"4375","ASV730","SCF049-1",0,0
"4376","ASV730","SCF049-2",0,0
"4377","ASV730","SCF049-3",0,0
"4378","ASV730","SCF055-1",0,0
"4379","ASV730","SCF055-4",23,3.50882010584432e-05
"4380","ASV730","SCF055-5",0,0
"4381","ASV731","SCF049-1",0,0
"4382","ASV731","SCF049-2",0,0
"4383","ASV731","SCF049-3",0,0
"4384","ASV731","SCF055-1",0,0
"4385","ASV731","SCF055-4",0,0
"4386","ASV731","SCF055-5",23,5.46618215695548e-05
"4387","ASV732","SCF049-1",0,0
"4388","ASV732","SCF049-2",0,0
"4389","ASV732","SCF049-3",0,0
"4390","ASV732","SCF055-1",0,0
"4391","ASV732","SCF055-4",0,0
"4392","ASV732","SCF055-5",23,5.46618215695548e-05
"4393","ASV733","SCF049-1",0,0
"4394","ASV733","SCF049-2",0,0
"4395","ASV733","SCF049-3",0,0
"4396","ASV733","SCF055-1",0,0
"4397","ASV733","SCF055-4",0,0
"4398","ASV733","SCF055-5",23,5.46618215695548e-05
"4399","ASV734","SCF049-1",0,0
"4400","ASV734","SCF049-2",0,0
"4401","ASV734","SCF049-3",22,4.63244692163374e-05
"4402","ASV734","SCF055-1",0,0
"4403","ASV734","SCF055-4",0,0
"4404","ASV734","SCF055-5",0,0
"4405","ASV735","SCF049-1",0,0
"4406","ASV735","SCF049-2",0,0
"4407","ASV735","SCF049-3",22,4.63244692163374e-05
"4408","ASV735","SCF055-1",0,0
"4409","ASV735","SCF055-4",0,0
"4410","ASV735","SCF055-5",0,0
"4411","ASV736","SCF049-1",0,0
"4412","ASV736","SCF049-2",0,0
"4413","ASV736","SCF049-3",22,4.63244692163374e-05
"4414","ASV736","SCF055-1",0,0
"4415","ASV736","SCF055-4",0,0
"4416","ASV736","SCF055-5",0,0
"4417","ASV737","SCF049-1",0,0
"4418","ASV737","SCF049-2",0,0
"4419","ASV737","SCF049-3",0,0
"4420","ASV737","SCF055-1",0,0
"4421","ASV737","SCF055-4",22,3.35626270993805e-05
"4422","ASV737","SCF055-5",0,0
"4423","ASV738","SCF049-1",0,0
"4424","ASV738","SCF049-2",0,0
"4425","ASV738","SCF049-3",0,0
"4426","ASV738","SCF055-1",0,0
"4427","ASV738","SCF055-4",22,3.35626270993805e-05
"4428","ASV738","SCF055-5",0,0
"4429","ASV739","SCF049-1",0,0
"4430","ASV739","SCF049-2",0,0
"4431","ASV739","SCF049-3",0,0
"4432","ASV739","SCF055-1",0,0
"4433","ASV739","SCF055-4",0,0
"4434","ASV739","SCF055-5",22,5.22852206317481e-05
"4435","ASV740","SCF049-1",21,2.2307320519017e-05
"4436","ASV740","SCF049-2",0,0
"4437","ASV740","SCF049-3",0,0
"4438","ASV740","SCF055-1",0,0
"4439","ASV740","SCF055-4",0,0
"4440","ASV740","SCF055-5",0,0
"4441","ASV741","SCF049-1",0,0
"4442","ASV741","SCF049-2",0,0
"4443","ASV741","SCF049-3",0,0
"4444","ASV741","SCF055-1",21,8.90774125132556e-05
"4445","ASV741","SCF055-4",0,0
"4446","ASV741","SCF055-5",0,0
"4447","ASV742","SCF049-1",0,0
"4448","ASV742","SCF049-2",0,0
"4449","ASV742","SCF049-3",0,0
"4450","ASV742","SCF055-1",0,0
"4451","ASV742","SCF055-4",21,3.20370531403177e-05
"4452","ASV742","SCF055-5",0,0
"4453","ASV743","SCF049-1",0,0
"4454","ASV743","SCF049-2",0,0
"4455","ASV743","SCF049-3",0,0
"4456","ASV743","SCF055-1",0,0
"4457","ASV743","SCF055-4",21,3.20370531403177e-05
"4458","ASV743","SCF055-5",0,0
"4459","ASV744","SCF049-1",0,0
"4460","ASV744","SCF049-2",0,0
"4461","ASV744","SCF049-3",0,0
"4462","ASV744","SCF055-1",0,0
"4463","ASV744","SCF055-4",21,3.20370531403177e-05
"4464","ASV744","SCF055-5",0,0
"4465","ASV745","SCF049-1",0,0
"4466","ASV745","SCF049-2",0,0
"4467","ASV745","SCF049-3",0,0
"4468","ASV745","SCF055-1",0,0
"4469","ASV745","SCF055-4",21,3.20370531403177e-05
"4470","ASV745","SCF055-5",0,0
"4471","ASV746","SCF049-1",0,0
"4472","ASV746","SCF049-2",0,0
"4473","ASV746","SCF049-3",0,0
"4474","ASV746","SCF055-1",0,0
"4475","ASV746","SCF055-4",21,3.20370531403177e-05
"4476","ASV746","SCF055-5",0,0
"4477","ASV747","SCF049-1",0,0
"4478","ASV747","SCF049-2",0,0
"4479","ASV747","SCF049-3",0,0
"4480","ASV747","SCF055-1",0,0
"4481","ASV747","SCF055-4",0,0
"4482","ASV747","SCF055-5",21,4.99086196939413e-05
"4483","ASV748","SCF049-1",20,2.12450671609686e-05
"4484","ASV748","SCF049-2",0,0
"4485","ASV748","SCF049-3",0,0
"4486","ASV748","SCF055-1",0,0
"4487","ASV748","SCF055-4",0,0
"4488","ASV748","SCF055-5",0,0
"4489","ASV749","SCF049-1",0,0
"4490","ASV749","SCF049-2",20,6.39096062529159e-05
"4491","ASV749","SCF049-3",0,0
"4492","ASV749","SCF055-1",0,0
"4493","ASV749","SCF055-4",0,0
"4494","ASV749","SCF055-5",0,0
"4495","ASV750","SCF049-1",0,0
"4496","ASV750","SCF049-2",20,6.39096062529159e-05
"4497","ASV750","SCF049-3",0,0
"4498","ASV750","SCF055-1",0,0
"4499","ASV750","SCF055-4",0,0
"4500","ASV750","SCF055-5",0,0
"4501","ASV751","SCF049-1",0,0
"4502","ASV751","SCF049-2",0,0
"4503","ASV751","SCF049-3",20,4.2113153833034e-05
"4504","ASV751","SCF055-1",0,0
"4505","ASV751","SCF055-4",0,0
"4506","ASV751","SCF055-5",0,0
"4507","ASV752","SCF049-1",0,0
"4508","ASV752","SCF049-2",0,0
"4509","ASV752","SCF049-3",0,0
"4510","ASV752","SCF055-1",0,0
"4511","ASV752","SCF055-4",0,0
"4512","ASV752","SCF055-5",20,4.75320187561346e-05
"4513","ASV753","SCF049-1",18,1.91205604448717e-05
"4514","ASV753","SCF049-2",0,0
"4515","ASV753","SCF049-3",0,0
"4516","ASV753","SCF055-1",0,0
"4517","ASV753","SCF055-4",0,0
"4518","ASV753","SCF055-5",0,0
"4519","ASV754","SCF049-1",18,1.91205604448717e-05
"4520","ASV754","SCF049-2",0,0
"4521","ASV754","SCF049-3",0,0
"4522","ASV754","SCF055-1",0,0
"4523","ASV754","SCF055-4",0,0
"4524","ASV754","SCF055-5",0,0
"4525","ASV755","SCF049-1",0,0
"4526","ASV755","SCF049-2",18,5.75186456276243e-05
"4527","ASV755","SCF049-3",0,0
"4528","ASV755","SCF055-1",0,0
"4529","ASV755","SCF055-4",0,0
"4530","ASV755","SCF055-5",0,0
"4531","ASV756","SCF049-1",0,0
"4532","ASV756","SCF049-2",0,0
"4533","ASV756","SCF049-3",0,0
"4534","ASV756","SCF055-1",0,0
"4535","ASV756","SCF055-4",18,2.74603312631295e-05
"4536","ASV756","SCF055-5",0,0
"4537","ASV757","SCF049-1",0,0
"4538","ASV757","SCF049-2",0,0
"4539","ASV757","SCF049-3",0,0
"4540","ASV757","SCF055-1",0,0
"4541","ASV757","SCF055-4",18,2.74603312631295e-05
"4542","ASV757","SCF055-5",0,0
"4543","ASV758","SCF049-1",0,0
"4544","ASV758","SCF049-2",0,0
"4545","ASV758","SCF049-3",0,0
"4546","ASV758","SCF055-1",0,0
"4547","ASV758","SCF055-4",18,2.74603312631295e-05
"4548","ASV758","SCF055-5",0,0
"4549","ASV759","SCF049-1",0,0
"4550","ASV759","SCF049-2",0,0
"4551","ASV759","SCF049-3",0,0
"4552","ASV759","SCF055-1",17,7.21102863202545e-05
"4553","ASV759","SCF055-4",0,0
"4554","ASV759","SCF055-5",0,0
"4555","ASV760","SCF049-1",0,0
"4556","ASV760","SCF049-2",0,0
"4557","ASV760","SCF049-3",0,0
"4558","ASV760","SCF055-1",0,0
"4559","ASV760","SCF055-4",17,2.59347573040667e-05
"4560","ASV760","SCF055-5",0,0
"4561","ASV761","SCF049-1",0,0
"4562","ASV761","SCF049-2",0,0
"4563","ASV761","SCF049-3",0,0
"4564","ASV761","SCF055-1",0,0
"4565","ASV761","SCF055-4",17,2.59347573040667e-05
"4566","ASV761","SCF055-5",0,0
"4567","ASV762","SCF049-1",0,0
"4568","ASV762","SCF049-2",0,0
"4569","ASV762","SCF049-3",0,0
"4570","ASV762","SCF055-1",0,0
"4571","ASV762","SCF055-4",17,2.59347573040667e-05
"4572","ASV762","SCF055-5",0,0
"4573","ASV763","SCF049-1",0,0
"4574","ASV763","SCF049-2",0,0
"4575","ASV763","SCF049-3",0,0
"4576","ASV763","SCF055-1",0,0
"4577","ASV763","SCF055-4",0,0
"4578","ASV763","SCF055-5",17,4.04022159427144e-05
"4579","ASV764","SCF049-1",0,0
"4580","ASV764","SCF049-2",0,0
"4581","ASV764","SCF049-3",0,0
"4582","ASV764","SCF055-1",0,0
"4583","ASV764","SCF055-4",0,0
"4584","ASV764","SCF055-5",17,4.04022159427144e-05
"4585","ASV765","SCF049-1",0,0
"4586","ASV765","SCF049-2",0,0
"4587","ASV765","SCF049-3",0,0
"4588","ASV765","SCF055-1",0,0
"4589","ASV765","SCF055-4",0,0
"4590","ASV765","SCF055-5",17,4.04022159427144e-05
"4591","ASV766","SCF049-1",16,1.69960537287748e-05
"4592","ASV766","SCF049-2",0,0
"4593","ASV766","SCF049-3",0,0
"4594","ASV766","SCF055-1",0,0
"4595","ASV766","SCF055-4",0,0
"4596","ASV766","SCF055-5",0,0
"4597","ASV767","SCF049-1",0,0
"4598","ASV767","SCF049-2",0,0
"4599","ASV767","SCF049-3",0,0
"4600","ASV767","SCF055-1",0,0
"4601","ASV767","SCF055-4",16,2.4409183345004e-05
"4602","ASV767","SCF055-5",0,0
"4603","ASV768","SCF049-1",0,0
"4604","ASV768","SCF049-2",0,0
"4605","ASV768","SCF049-3",0,0
"4606","ASV768","SCF055-1",0,0
"4607","ASV768","SCF055-4",0,0
"4608","ASV768","SCF055-5",16,3.80256150049077e-05
"4609","ASV769","SCF049-1",15,1.59338003707264e-05
"4610","ASV769","SCF049-2",0,0
"4611","ASV769","SCF049-3",0,0
"4612","ASV769","SCF055-1",0,0
"4613","ASV769","SCF055-4",0,0
"4614","ASV769","SCF055-5",0,0
"4615","ASV770","SCF049-1",0,0
"4616","ASV770","SCF049-2",0,0
"4617","ASV770","SCF049-3",15,3.15848653747755e-05
"4618","ASV770","SCF055-1",0,0
"4619","ASV770","SCF055-4",0,0
"4620","ASV770","SCF055-5",0,0
"4621","ASV771","SCF049-1",0,0
"4622","ASV771","SCF049-2",0,0
"4623","ASV771","SCF049-3",0,0
"4624","ASV771","SCF055-1",15,6.3626723223754e-05
"4625","ASV771","SCF055-4",0,0
"4626","ASV771","SCF055-5",0,0
"4627","ASV772","SCF049-1",0,0
"4628","ASV772","SCF049-2",0,0
"4629","ASV772","SCF049-3",0,0
"4630","ASV772","SCF055-1",0,0
"4631","ASV772","SCF055-4",0,0
"4632","ASV772","SCF055-5",15,3.5649014067101e-05
"4633","ASV773","SCF049-1",0,0
"4634","ASV773","SCF049-2",0,0
"4635","ASV773","SCF049-3",0,0
"4636","ASV773","SCF055-1",0,0
"4637","ASV773","SCF055-4",0,0
"4638","ASV773","SCF055-5",15,3.5649014067101e-05
"4639","ASV774","SCF049-1",14,1.4871547012678e-05
"4640","ASV774","SCF049-2",0,0
"4641","ASV774","SCF049-3",0,0
"4642","ASV774","SCF055-1",0,0
"4643","ASV774","SCF055-4",0,0
"4644","ASV774","SCF055-5",0,0
"4645","ASV775","SCF049-1",0,0
"4646","ASV775","SCF049-2",0,0
"4647","ASV775","SCF049-3",14,2.94792076831238e-05
"4648","ASV775","SCF055-1",0,0
"4649","ASV775","SCF055-4",0,0
"4650","ASV775","SCF055-5",0,0
"4651","ASV776","SCF049-1",0,0
"4652","ASV776","SCF049-2",0,0
"4653","ASV776","SCF049-3",0,0
"4654","ASV776","SCF055-1",0,0
"4655","ASV776","SCF055-4",0,0
"4656","ASV776","SCF055-5",14,3.32724131292942e-05
"4657","ASV777","SCF049-1",0,0
"4658","ASV777","SCF049-2",0,0
"4659","ASV777","SCF049-3",0,0
"4660","ASV777","SCF055-1",13,5.51431601272534e-05
"4661","ASV777","SCF055-4",0,0
"4662","ASV777","SCF055-5",0,0
"4663","ASV778","SCF049-1",0,0
"4664","ASV778","SCF049-2",0,0
"4665","ASV778","SCF049-3",0,0
"4666","ASV778","SCF055-1",13,5.51431601272534e-05
"4667","ASV778","SCF055-4",0,0
"4668","ASV778","SCF055-5",0,0
"4669","ASV779","SCF049-1",0,0
"4670","ASV779","SCF049-2",0,0
"4671","ASV779","SCF049-3",0,0
"4672","ASV779","SCF055-1",13,5.51431601272534e-05
"4673","ASV779","SCF055-4",0,0
"4674","ASV779","SCF055-5",0,0
"4675","ASV780","SCF049-1",0,0
"4676","ASV780","SCF049-2",0,0
"4677","ASV780","SCF049-3",0,0
"4678","ASV780","SCF055-1",0,0
"4679","ASV780","SCF055-4",0,0
"4680","ASV780","SCF055-5",13,3.08958121914875e-05
"4681","ASV781","SCF049-1",0,0
"4682","ASV781","SCF049-2",12,3.83457637517495e-05
"4683","ASV781","SCF049-3",0,0
"4684","ASV781","SCF055-1",0,0
"4685","ASV781","SCF055-4",0,0
"4686","ASV781","SCF055-5",0,0
"4687","ASV782","SCF049-1",0,0
"4688","ASV782","SCF049-2",0,0
"4689","ASV782","SCF049-3",12,2.52678922998204e-05
"4690","ASV782","SCF055-1",0,0
"4691","ASV782","SCF055-4",0,0
"4692","ASV782","SCF055-5",0,0
"4693","ASV783","SCF049-1",0,0
"4694","ASV783","SCF049-2",0,0
"4695","ASV783","SCF049-3",12,2.52678922998204e-05
"4696","ASV783","SCF055-1",0,0
"4697","ASV783","SCF055-4",0,0
"4698","ASV783","SCF055-5",0,0
"4699","ASV784","SCF049-1",0,0
"4700","ASV784","SCF049-2",0,0
"4701","ASV784","SCF049-3",0,0
"4702","ASV784","SCF055-1",12,5.09013785790032e-05
"4703","ASV784","SCF055-4",0,0
"4704","ASV784","SCF055-5",0,0
"4705","ASV785","SCF049-1",0,0
"4706","ASV785","SCF049-2",0,0
"4707","ASV785","SCF049-3",0,0
"4708","ASV785","SCF055-1",12,5.09013785790032e-05
"4709","ASV785","SCF055-4",0,0
"4710","ASV785","SCF055-5",0,0
"4711","ASV786","SCF049-1",0,0
"4712","ASV786","SCF049-2",0,0
"4713","ASV786","SCF049-3",0,0
"4714","ASV786","SCF055-1",0,0
"4715","ASV786","SCF055-4",12,1.8306887508753e-05
"4716","ASV786","SCF055-5",0,0
"4717","ASV787","SCF049-1",0,0
"4718","ASV787","SCF049-2",0,0
"4719","ASV787","SCF049-3",0,0
"4720","ASV787","SCF055-1",0,0
"4721","ASV787","SCF055-4",0,0
"4722","ASV787","SCF055-5",12,2.85192112536808e-05
"4723","ASV788","SCF049-1",0,0
"4724","ASV788","SCF049-2",0,0
"4725","ASV788","SCF049-3",0,0
"4726","ASV788","SCF055-1",0,0
"4727","ASV788","SCF055-4",0,0
"4728","ASV788","SCF055-5",12,2.85192112536808e-05
"4729","ASV789","SCF049-1",0,0
"4730","ASV789","SCF049-2",0,0
"4731","ASV789","SCF049-3",0,0
"4732","ASV789","SCF055-1",0,0
"4733","ASV789","SCF055-4",0,0
"4734","ASV789","SCF055-5",12,2.85192112536808e-05
"4735","ASV790","SCF049-1",0,0
"4736","ASV790","SCF049-2",11,3.51502834391037e-05
"4737","ASV790","SCF049-3",0,0
"4738","ASV790","SCF055-1",0,0
"4739","ASV790","SCF055-4",0,0
"4740","ASV790","SCF055-5",0,0
"4741","ASV791","SCF049-1",0,0
"4742","ASV791","SCF049-2",0,0
"4743","ASV791","SCF049-3",11,2.31622346081687e-05
"4744","ASV791","SCF055-1",0,0
"4745","ASV791","SCF055-4",0,0
"4746","ASV791","SCF055-5",0,0
"4747","ASV792","SCF049-1",0,0
"4748","ASV792","SCF049-2",0,0
"4749","ASV792","SCF049-3",11,2.31622346081687e-05
"4750","ASV792","SCF055-1",0,0
"4751","ASV792","SCF055-4",0,0
"4752","ASV792","SCF055-5",0,0
"4753","ASV793","SCF049-1",0,0
"4754","ASV793","SCF049-2",0,0
"4755","ASV793","SCF049-3",11,2.31622346081687e-05
"4756","ASV793","SCF055-1",0,0
"4757","ASV793","SCF055-4",0,0
"4758","ASV793","SCF055-5",0,0
"4759","ASV794","SCF049-1",0,0
"4760","ASV794","SCF049-2",0,0
"4761","ASV794","SCF049-3",0,0
"4762","ASV794","SCF055-1",11,4.66595970307529e-05
"4763","ASV794","SCF055-4",0,0
"4764","ASV794","SCF055-5",0,0
"4765","ASV795","SCF049-1",0,0
"4766","ASV795","SCF049-2",0,0
"4767","ASV795","SCF049-3",0,0
"4768","ASV795","SCF055-1",0,0
"4769","ASV795","SCF055-4",0,0
"4770","ASV795","SCF055-5",11,2.6142610315874e-05
"4771","ASV796","SCF049-1",0,0
"4772","ASV796","SCF049-2",0,0
"4773","ASV796","SCF049-3",0,0
"4774","ASV796","SCF055-1",0,0
"4775","ASV796","SCF055-4",0,0
"4776","ASV796","SCF055-5",11,2.6142610315874e-05
"4777","ASV797","SCF049-1",0,0
"4778","ASV797","SCF049-2",10,3.19548031264579e-05
"4779","ASV797","SCF049-3",0,0
"4780","ASV797","SCF055-1",0,0
"4781","ASV797","SCF055-4",0,0
"4782","ASV797","SCF055-5",0,0
"4783","ASV798","SCF049-1",0,0
"4784","ASV798","SCF049-2",10,3.19548031264579e-05
"4785","ASV798","SCF049-3",0,0
"4786","ASV798","SCF055-1",0,0
"4787","ASV798","SCF055-4",0,0
"4788","ASV798","SCF055-5",0,0
"4789","ASV799","SCF049-1",0,0
"4790","ASV799","SCF049-2",0,0
"4791","ASV799","SCF049-3",10,2.1056576916517e-05
"4792","ASV799","SCF055-1",0,0
"4793","ASV799","SCF055-4",0,0
"4794","ASV799","SCF055-5",0,0
"4795","ASV800","SCF049-1",0,0
"4796","ASV800","SCF049-2",0,0
"4797","ASV800","SCF049-3",10,2.1056576916517e-05
"4798","ASV800","SCF055-1",0,0
"4799","ASV800","SCF055-4",0,0
"4800","ASV800","SCF055-5",0,0
"4801","ASV801","SCF049-1",0,0
"4802","ASV801","SCF049-2",0,0
"4803","ASV801","SCF049-3",10,2.1056576916517e-05
"4804","ASV801","SCF055-1",0,0
"4805","ASV801","SCF055-4",0,0
"4806","ASV801","SCF055-5",0,0
"4807","ASV802","SCF049-1",0,0
"4808","ASV802","SCF049-2",0,0
"4809","ASV802","SCF049-3",0,0
"4810","ASV802","SCF055-1",10,4.24178154825026e-05
"4811","ASV802","SCF055-4",0,0
"4812","ASV802","SCF055-5",0,0
"4813","ASV803","SCF049-1",0,0
"4814","ASV803","SCF049-2",0,0
"4815","ASV803","SCF049-3",0,0
"4816","ASV803","SCF055-1",0,0
"4817","ASV803","SCF055-4",0,0
"4818","ASV803","SCF055-5",10,2.37660093780673e-05
"4819","ASV804","SCF049-1",0,0
"4820","ASV804","SCF049-2",0,0
"4821","ASV804","SCF049-3",0,0
"4822","ASV804","SCF055-1",0,0
"4823","ASV804","SCF055-4",0,0
"4824","ASV804","SCF055-5",10,2.37660093780673e-05
"4825","ASV805","SCF049-1",0,0
"4826","ASV805","SCF049-2",9,2.87593228138121e-05
"4827","ASV805","SCF049-3",0,0
"4828","ASV805","SCF055-1",0,0
"4829","ASV805","SCF055-4",0,0
"4830","ASV805","SCF055-5",0,0
"4831","ASV806","SCF049-1",0,0
"4832","ASV806","SCF049-2",0,0
"4833","ASV806","SCF049-3",9,1.89509192248653e-05
"4834","ASV806","SCF055-1",0,0
"4835","ASV806","SCF055-4",0,0
"4836","ASV806","SCF055-5",0,0
"4837","ASV807","SCF049-1",0,0
"4838","ASV807","SCF049-2",0,0
"4839","ASV807","SCF049-3",9,1.89509192248653e-05
"4840","ASV807","SCF055-1",0,0
"4841","ASV807","SCF055-4",0,0
"4842","ASV807","SCF055-5",0,0
"4843","ASV808","SCF049-1",0,0
"4844","ASV808","SCF049-2",0,0
"4845","ASV808","SCF049-3",9,1.89509192248653e-05
"4846","ASV808","SCF055-1",0,0
"4847","ASV808","SCF055-4",0,0
"4848","ASV808","SCF055-5",0,0
"4849","ASV809","SCF049-1",0,0
"4850","ASV809","SCF049-2",0,0
"4851","ASV809","SCF049-3",0,0
"4852","ASV809","SCF055-1",0,0
"4853","ASV809","SCF055-4",0,0
"4854","ASV809","SCF055-5",9,2.13894084402606e-05
"4855","ASV810","SCF049-1",0,0
"4856","ASV810","SCF049-2",0,0
"4857","ASV810","SCF049-3",8,1.68452615332136e-05
"4858","ASV810","SCF055-1",0,0
"4859","ASV810","SCF055-4",0,0
"4860","ASV810","SCF055-5",0,0
"4861","ASV811","SCF049-1",0,0
"4862","ASV811","SCF049-2",0,0
"4863","ASV811","SCF049-3",8,1.68452615332136e-05
"4864","ASV811","SCF055-1",0,0
"4865","ASV811","SCF055-4",0,0
"4866","ASV811","SCF055-5",0,0
"4867","ASV812","SCF049-1",0,0
"4868","ASV812","SCF049-2",0,0
"4869","ASV812","SCF049-3",8,1.68452615332136e-05
"4870","ASV812","SCF055-1",0,0
"4871","ASV812","SCF055-4",0,0
"4872","ASV812","SCF055-5",0,0
"4873","ASV813","SCF049-1",0,0
"4874","ASV813","SCF049-2",0,0
"4875","ASV813","SCF049-3",8,1.68452615332136e-05
"4876","ASV813","SCF055-1",0,0
"4877","ASV813","SCF055-4",0,0
"4878","ASV813","SCF055-5",0,0
"4879","ASV814","SCF049-1",0,0
"4880","ASV814","SCF049-2",0,0
"4881","ASV814","SCF049-3",0,0
"4882","ASV814","SCF055-1",0,0
"4883","ASV814","SCF055-4",0,0
"4884","ASV814","SCF055-5",8,1.90128075024538e-05
"4885","ASV815","SCF049-1",7,7.435773506339e-06
"4886","ASV815","SCF049-2",0,0
"4887","ASV815","SCF049-3",0,0
"4888","ASV815","SCF055-1",0,0
"4889","ASV815","SCF055-4",0,0
"4890","ASV815","SCF055-5",0,0
"4891","ASV816","SCF049-1",0,0
"4892","ASV816","SCF049-2",0,0
"4893","ASV816","SCF049-3",7,1.47396038415619e-05
"4894","ASV816","SCF055-1",0,0
"4895","ASV816","SCF055-4",0,0
"4896","ASV816","SCF055-5",0,0
"4897","ASV817","SCF049-1",0,0
"4898","ASV817","SCF049-2",0,0
"4899","ASV817","SCF049-3",0,0
"4900","ASV817","SCF055-1",0,0
"4901","ASV817","SCF055-4",0,0
"4902","ASV817","SCF055-5",6,1.42596056268404e-05
"4903","ASV818","SCF049-1",0,0
"4904","ASV818","SCF049-2",5,1.5977401563229e-05
"4905","ASV818","SCF049-3",0,0
"4906","ASV818","SCF055-1",0,0
"4907","ASV818","SCF055-4",0,0
"4908","ASV818","SCF055-5",0,0
"4909","ASV819","SCF049-1",0,0
"4910","ASV819","SCF049-2",0,0
"4911","ASV819","SCF049-3",5,1.05282884582585e-05
"4912","ASV819","SCF055-1",0,0
"4913","ASV819","SCF055-4",0,0
"4914","ASV819","SCF055-5",0,0
"4915","ASV820","SCF049-1",0,0
"4916","ASV820","SCF049-2",0,0
"4917","ASV820","SCF049-3",0,0
"4918","ASV820","SCF055-1",4,1.69671261930011e-05
"4919","ASV820","SCF055-4",0,0
"4920","ASV820","SCF055-5",0,0
"4921","ASV821","SCF049-1",0,0
"4922","ASV821","SCF049-2",3,9.58644093793738e-06
"4923","ASV821","SCF049-3",0,0
"4924","ASV821","SCF055-1",0,0
"4925","ASV821","SCF055-4",0,0
"4926","ASV821","SCF055-5",0,0
"4927","ASV822","SCF049-1",0,0
"4928","ASV822","SCF049-2",0,0
"4929","ASV822","SCF049-3",0,0
"4930","ASV822","SCF055-1",3,1.27253446447508e-05
"4931","ASV822","SCF055-4",0,0
"4932","ASV822","SCF055-5",0,0
"4933","ASV823","SCF049-1",0,0
"4934","ASV823","SCF049-2",0,0
"4935","ASV823","SCF049-3",0,0
"4936","ASV823","SCF055-1",0,0
"4937","ASV823","SCF055-4",3,4.57672187718824e-06
"4938","ASV823","SCF055-5",0,0
"4939","ASV824","SCF049-1",0,0
"4940","ASV824","SCF049-2",0,0
"4941","ASV824","SCF049-3",0,0
"4942","ASV824","SCF055-1",0,0
"4943","ASV824","SCF055-4",0,0
"4944","ASV824","SCF055-5",3,7.12980281342019e-06
"4945","ASV825","SCF049-1",2,2.12450671609686e-06
"4946","ASV825","SCF049-2",0,0
"4947","ASV825","SCF049-3",0,0
"4948","ASV825","SCF055-1",0,0
"4949","ASV825","SCF055-4",0,0
"4950","ASV825","SCF055-5",0,0
"4951","ASV826","SCF049-1",2,2.12450671609686e-06
"4952","ASV826","SCF049-2",0,0
"4953","ASV826","SCF049-3",0,0
"4954","ASV826","SCF055-1",0,0
"4955","ASV826","SCF055-4",0,0
"4956","ASV826","SCF055-5",0,0
"4957","ASV827","SCF049-1",2,2.12450671609686e-06
"4958","ASV827","SCF049-2",0,0
"4959","ASV827","SCF049-3",0,0
"4960","ASV827","SCF055-1",0,0
"4961","ASV827","SCF055-4",0,0
"4962","ASV827","SCF055-5",0,0
"4963","ASV828","SCF049-1",2,2.12450671609686e-06
"4964","ASV828","SCF049-2",0,0
"4965","ASV828","SCF049-3",0,0
"4966","ASV828","SCF055-1",0,0
"4967","ASV828","SCF055-4",0,0
"4968","ASV828","SCF055-5",0,0
"4969","ASV829","SCF049-1",2,2.12450671609686e-06
"4970","ASV829","SCF049-2",0,0
"4971","ASV829","SCF049-3",0,0
"4972","ASV829","SCF055-1",0,0
"4973","ASV829","SCF055-4",0,0
"4974","ASV829","SCF055-5",0,0
"4975","ASV830","SCF049-1",2,2.12450671609686e-06
"4976","ASV830","SCF049-2",0,0
"4977","ASV830","SCF049-3",0,0
"4978","ASV830","SCF055-1",0,0
"4979","ASV830","SCF055-4",0,0
"4980","ASV830","SCF055-5",0,0
"4981","ASV831","SCF049-1",2,2.12450671609686e-06
"4982","ASV831","SCF049-2",0,0
"4983","ASV831","SCF049-3",0,0
"4984","ASV831","SCF055-1",0,0
"4985","ASV831","SCF055-4",0,0
"4986","ASV831","SCF055-5",0,0
"4987","ASV832","SCF049-1",2,2.12450671609686e-06
"4988","ASV832","SCF049-2",0,0
"4989","ASV832","SCF049-3",0,0
"4990","ASV832","SCF055-1",0,0
"4991","ASV832","SCF055-4",0,0
"4992","ASV832","SCF055-5",0,0
"4993","ASV833","SCF049-1",0,0
"4994","ASV833","SCF049-2",2,6.39096062529159e-06
"4995","ASV833","SCF049-3",0,0
"4996","ASV833","SCF055-1",0,0
"4997","ASV833","SCF055-4",0,0
"4998","ASV833","SCF055-5",0,0
"4999","ASV834","SCF049-1",0,0
"5000","ASV834","SCF049-2",0,0
"5001","ASV834","SCF049-3",2,4.2113153833034e-06
"5002","ASV834","SCF055-1",0,0
"5003","ASV834","SCF055-4",0,0
"5004","ASV834","SCF055-5",0,0
"5005","ASV835","SCF049-1",0,0
"5006","ASV835","SCF049-2",0,0
"5007","ASV835","SCF049-3",2,4.2113153833034e-06
"5008","ASV835","SCF055-1",0,0
"5009","ASV835","SCF055-4",0,0
"5010","ASV835","SCF055-5",0,0
"5011","ASV836","SCF049-1",0,0
"5012","ASV836","SCF049-2",0,0
"5013","ASV836","SCF049-3",2,4.2113153833034e-06
"5014","ASV836","SCF055-1",0,0
"5015","ASV836","SCF055-4",0,0
"5016","ASV836","SCF055-5",0,0
"5017","ASV837","SCF049-1",0,0
"5018","ASV837","SCF049-2",0,0
"5019","ASV837","SCF049-3",2,4.2113153833034e-06
"5020","ASV837","SCF055-1",0,0
"5021","ASV837","SCF055-4",0,0
"5022","ASV837","SCF055-5",0,0
"5023","ASV838","SCF049-1",0,0
"5024","ASV838","SCF049-2",0,0
"5025","ASV838","SCF049-3",2,4.2113153833034e-06
"5026","ASV838","SCF055-1",0,0
"5027","ASV838","SCF055-4",0,0
"5028","ASV838","SCF055-5",0,0
"5029","ASV839","SCF049-1",0,0
"5030","ASV839","SCF049-2",0,0
"5031","ASV839","SCF049-3",2,4.2113153833034e-06
"5032","ASV839","SCF055-1",0,0
"5033","ASV839","SCF055-4",0,0
"5034","ASV839","SCF055-5",0,0
"5035","ASV840","SCF049-1",0,0
"5036","ASV840","SCF049-2",0,0
"5037","ASV840","SCF049-3",0,0
"5038","ASV840","SCF055-1",2,8.48356309650053e-06
"5039","ASV840","SCF055-4",0,0
"5040","ASV840","SCF055-5",0,0
"5041","ASV841","SCF049-1",0,0
"5042","ASV841","SCF049-2",0,0
"5043","ASV841","SCF049-3",0,0
"5044","ASV841","SCF055-1",2,8.48356309650053e-06
"5045","ASV841","SCF055-4",0,0
"5046","ASV841","SCF055-5",0,0
"5047","ASV842","SCF049-1",0,0
"5048","ASV842","SCF049-2",0,0
"5049","ASV842","SCF049-3",0,0
"5050","ASV842","SCF055-1",0,0
"5051","ASV842","SCF055-4",2,3.0511479181255e-06
"5052","ASV842","SCF055-5",0,0
"5053","ASV843","SCF049-1",0,0
"5054","ASV843","SCF049-2",0,0
"5055","ASV843","SCF049-3",0,0
"5056","ASV843","SCF055-1",0,0
"5057","ASV843","SCF055-4",2,3.0511479181255e-06
"5058","ASV843","SCF055-5",0,0
"5059","ASV844","SCF049-1",0,0
"5060","ASV844","SCF049-2",0,0
"5061","ASV844","SCF049-3",0,0
"5062","ASV844","SCF055-1",0,0
"5063","ASV844","SCF055-4",2,3.0511479181255e-06
"5064","ASV844","SCF055-5",0,0
"5065","ASV845","SCF049-1",1,1.06225335804843e-06
"5066","ASV845","SCF049-2",0,0
"5067","ASV845","SCF049-3",0,0
"5068","ASV845","SCF055-1",0,0
"5069","ASV845","SCF055-4",0,0
"5070","ASV845","SCF055-5",0,0
"5071","ASV846","SCF049-1",1,1.06225335804843e-06
"5072","ASV846","SCF049-2",0,0
"5073","ASV846","SCF049-3",0,0
"5074","ASV846","SCF055-1",0,0
"5075","ASV846","SCF055-4",0,0
"5076","ASV846","SCF055-5",0,0
"5077","ASV847","SCF049-1",1,1.06225335804843e-06
"5078","ASV847","SCF049-2",0,0
"5079","ASV847","SCF049-3",0,0
"5080","ASV847","SCF055-1",0,0
"5081","ASV847","SCF055-4",0,0
"5082","ASV847","SCF055-5",0,0
"5083","ASV848","SCF049-1",1,1.06225335804843e-06
"5084","ASV848","SCF049-2",0,0
"5085","ASV848","SCF049-3",0,0
"5086","ASV848","SCF055-1",0,0
"5087","ASV848","SCF055-4",0,0
"5088","ASV848","SCF055-5",0,0
"5089","ASV849","SCF049-1",0,0
"5090","ASV849","SCF049-2",1,3.19548031264579e-06
"5091","ASV849","SCF049-3",0,0
"5092","ASV849","SCF055-1",0,0
"5093","ASV849","SCF055-4",0,0
"5094","ASV849","SCF055-5",0,0
"5095","ASV850","SCF049-1",0,0
"5096","ASV850","SCF049-2",1,3.19548031264579e-06
"5097","ASV850","SCF049-3",0,0
"5098","ASV850","SCF055-1",0,0
"5099","ASV850","SCF055-4",0,0
"5100","ASV850","SCF055-5",0,0
"5101","ASV851","SCF049-1",0,0
"5102","ASV851","SCF049-2",1,3.19548031264579e-06
"5103","ASV851","SCF049-3",0,0
"5104","ASV851","SCF055-1",0,0
"5105","ASV851","SCF055-4",0,0
"5106","ASV851","SCF055-5",0,0
"5107","ASV852","SCF049-1",0,0
"5108","ASV852","SCF049-2",1,3.19548031264579e-06
"5109","ASV852","SCF049-3",0,0
"5110","ASV852","SCF055-1",0,0
"5111","ASV852","SCF055-4",0,0
"5112","ASV852","SCF055-5",0,0
"5113","ASV853","SCF049-1",0,0
"5114","ASV853","SCF049-2",1,3.19548031264579e-06
"5115","ASV853","SCF049-3",0,0
"5116","ASV853","SCF055-1",0,0
"5117","ASV853","SCF055-4",0,0
"5118","ASV853","SCF055-5",0,0
"5119","ASV854","SCF049-1",0,0
"5120","ASV854","SCF049-2",1,3.19548031264579e-06
"5121","ASV854","SCF049-3",0,0
"5122","ASV854","SCF055-1",0,0
"5123","ASV854","SCF055-4",0,0
"5124","ASV854","SCF055-5",0,0
"5125","ASV855","SCF049-1",0,0
"5126","ASV855","SCF049-2",0,0
"5127","ASV855","SCF049-3",1,2.1056576916517e-06
"5128","ASV855","SCF055-1",0,0
"5129","ASV855","SCF055-4",0,0
"5130","ASV855","SCF055-5",0,0
"5131","ASV856","SCF049-1",0,0
"5132","ASV856","SCF049-2",0,0
"5133","ASV856","SCF049-3",1,2.1056576916517e-06
"5134","ASV856","SCF055-1",0,0
"5135","ASV856","SCF055-4",0,0
"5136","ASV856","SCF055-5",0,0
"5137","ASV857","SCF049-1",0,0
"5138","ASV857","SCF049-2",0,0
"5139","ASV857","SCF049-3",1,2.1056576916517e-06
"5140","ASV857","SCF055-1",0,0
"5141","ASV857","SCF055-4",0,0
"5142","ASV857","SCF055-5",0,0
"5143","ASV858","SCF049-1",0,0
"5144","ASV858","SCF049-2",0,0
"5145","ASV858","SCF049-3",1,2.1056576916517e-06
"5146","ASV858","SCF055-1",0,0
"5147","ASV858","SCF055-4",0,0
"5148","ASV858","SCF055-5",0,0
"5149","ASV859","SCF049-1",0,0
"5150","ASV859","SCF049-2",0,0
"5151","ASV859","SCF049-3",0,0
"5152","ASV859","SCF055-1",1,4.24178154825027e-06
"5153","ASV859","SCF055-4",0,0
"5154","ASV859","SCF055-5",0,0
"5155","ASV860","SCF049-1",0,0
"5156","ASV860","SCF049-2",0,0
"5157","ASV860","SCF049-3",0,0
"5158","ASV860","SCF055-1",1,4.24178154825027e-06
"5159","ASV860","SCF055-4",0,0
"5160","ASV860","SCF055-5",0,0
"5161","ASV861","SCF049-1",0,0
"5162","ASV861","SCF049-2",0,0
"5163","ASV861","SCF049-3",0,0
"5164","ASV861","SCF055-1",1,4.24178154825027e-06
"5165","ASV861","SCF055-4",0,0
"5166","ASV861","SCF055-5",0,0
"5167","ASV862","SCF049-1",0,0
"5168","ASV862","SCF049-2",0,0
"5169","ASV862","SCF049-3",0,0
"5170","ASV862","SCF055-1",0,0
"5171","ASV862","SCF055-4",1,1.52557395906275e-06
"5172","ASV862","SCF055-5",0,0
"5173","ASV863","SCF049-1",0,0
"5174","ASV863","SCF049-2",0,0
"5175","ASV863","SCF049-3",0,0
"5176","ASV863","SCF055-1",0,0
"5177","ASV863","SCF055-4",1,1.52557395906275e-06
"5178","ASV863","SCF055-5",0,0
"5179","ASV864","SCF049-1",0,0
"5180","ASV864","SCF049-2",0,0
"5181","ASV864","SCF049-3",0,0
"5182","ASV864","SCF055-1",0,0
"5183","ASV864","SCF055-4",1,1.52557395906275e-06
"5184","ASV864","SCF055-5",0,0
"5185","ASV865","SCF049-1",0,0
"5186","ASV865","SCF049-2",0,0
"5187","ASV865","SCF049-3",0,0
"5188","ASV865","SCF055-1",0,0
"5189","ASV865","SCF055-4",1,1.52557395906275e-06
"5190","ASV865","SCF055-5",0,0
"5191","ASV866","SCF049-1",0,0
"5192","ASV866","SCF049-2",0,0
"5193","ASV866","SCF049-3",0,0
"5194","ASV866","SCF055-1",0,0
"5195","ASV866","SCF055-4",1,1.52557395906275e-06
"5196","ASV866","SCF055-5",0,0
"5197","ASV867","SCF049-1",0,0
"5198","ASV867","SCF049-2",0,0
"5199","ASV867","SCF049-3",0,0
"5200","ASV867","SCF055-1",0,0
"5201","ASV867","SCF055-4",1,1.52557395906275e-06
"5202","ASV867","SCF055-5",0,0
"5203","ASV868","SCF049-1",0,0
"5204","ASV868","SCF049-2",0,0
"5205","ASV868","SCF049-3",0,0
"5206","ASV868","SCF055-1",0,0
"5207","ASV868","SCF055-4",1,1.52557395906275e-06
"5208","ASV868","SCF055-5",0,0
"5209","ASV869","SCF049-1",0,0
"5210","ASV869","SCF049-2",0,0
"5211","ASV869","SCF049-3",0,0
"5212","ASV869","SCF055-1",0,0
"5213","ASV869","SCF055-4",0,0
"5214","ASV869","SCF055-5",1,2.37660093780673e-06
"5215","ASV870","SCF049-1",0,0
"5216","ASV870","SCF049-2",0,0
"5217","ASV870","SCF049-3",0,0
"5218","ASV870","SCF055-1",0,0
"5219","ASV870","SCF055-4",0,0
"5220","ASV870","SCF055-5",1,2.37660093780673e-06
"5221","ASV871","SCF049-1",0,0
"5222","ASV871","SCF049-2",0,0
"5223","ASV871","SCF049-3",0,0
"5224","ASV871","SCF055-1",0,0
"5225","ASV871","SCF055-4",0,0
"5226","ASV871","SCF055-5",1,2.37660093780673e-06
"5227","ASV872","SCF049-1",0,0
"5228","ASV872","SCF049-2",0,0
"5229","ASV872","SCF049-3",0,0
"5230","ASV872","SCF055-1",0,0
"5231","ASV872","SCF055-4",0,0
"5232","ASV872","SCF055-5",1,2.37660093780673e-06
"5233","ASV873","SCF049-1",0,0
"5234","ASV873","SCF049-2",0,0
"5235","ASV873","SCF049-3",0,0
"5236","ASV873","SCF055-1",0,0
"5237","ASV873","SCF055-4",0,0
"5238","ASV873","SCF055-5",1,2.37660093780673e-06
"5239","ASV874","SCF049-1",0,0
"5240","ASV874","SCF049-2",0,0
"5241","ASV874","SCF049-3",0,0
"5242","ASV874","SCF055-1",0,0
"5243","ASV874","SCF055-4",0,0
"5244","ASV874","SCF055-5",1,2.37660093780673e-06
"5245","ASV875","SCF049-1",0,0
"5246","ASV875","SCF049-2",0,0
"5247","ASV875","SCF049-3",0,0
"5248","ASV875","SCF055-1",0,0
"5249","ASV875","SCF055-4",0,0
"5250","ASV875","SCF055-5",1,2.37660093780673e-06
"5251","ASV876","SCF049-1",0,0
"5252","ASV876","SCF049-2",0,0
"5253","ASV876","SCF049-3",0,0
"5254","ASV876","SCF055-1",0,0
"5255","ASV876","SCF055-4",0,0
"5256","ASV876","SCF055-5",1,2.37660093780673e-06
"5257","ASV877","SCF049-1",0,0
"5258","ASV877","SCF049-2",0,0
"5259","ASV877","SCF049-3",0,0
"5260","ASV877","SCF055-1",0,0
"5261","ASV877","SCF055-4",0,0
"5262","ASV877","SCF055-5",1,2.37660093780673e-06
"5263","ASV878","SCF049-1",0,0
"5264","ASV878","SCF049-2",0,0
"5265","ASV878","SCF049-3",0,0
"5266","ASV878","SCF055-1",0,0
"5267","ASV878","SCF055-4",0,0
"5268","ASV878","SCF055-5",1,2.37660093780673e-06
"5269","ASV879","SCF049-1",0,0
"5270","ASV879","SCF049-2",0,0
"5271","ASV879","SCF049-3",0,0
"5272","ASV879","SCF055-1",0,0
"5273","ASV879","SCF055-4",0,0
"5274","ASV879","SCF055-5",1,2.37660093780673e-06
"5275","ASV880","SCF049-1",0,0
"5276","ASV880","SCF049-2",0,0
"5277","ASV880","SCF049-3",0,0
"5278","ASV880","SCF055-1",0,0
"5279","ASV880","SCF055-4",0,0
"5280","ASV880","SCF055-5",1,2.37660093780673e-06
"5281","ASV881","SCF049-1",0,0
"5282","ASV881","SCF049-2",0,0
"5283","ASV881","SCF049-3",0,0
"5284","ASV881","SCF055-1",0,0
"5285","ASV881","SCF055-4",0,0
"5286","ASV881","SCF055-5",1,2.37660093780673e-06
"5287","ASV882","SCF049-1",0,0
"5288","ASV882","SCF049-2",0,0
"5289","ASV882","SCF049-3",0,0
"5290","ASV882","SCF055-1",0,0
"5291","ASV882","SCF055-4",0,0
"5292","ASV882","SCF055-5",1,2.37660093780673e-06
"5293","ASV883","SCF049-1",0,0
"5294","ASV883","SCF049-2",0,0
"5295","ASV883","SCF049-3",0,0
"5296","ASV883","SCF055-1",0,0
"5297","ASV883","SCF055-4",0,0
"5298","ASV883","SCF055-5",1,2.37660093780673e-06
"5299","ASV884","SCF049-1",0,0
"5300","ASV884","SCF049-2",0,0
"5301","ASV884","SCF049-3",0,0
"5302","ASV884","SCF055-1",0,0
"5303","ASV884","SCF055-4",0,0
"5304","ASV884","SCF055-5",1,2.37660093780673e-06
"5305","ASV885","SCF049-1",0,0
"5306","ASV885","SCF049-2",0,0
"5307","ASV885","SCF049-3",0,0
"5308","ASV885","SCF055-1",0,0
"5309","ASV885","SCF055-4",0,0
"5310","ASV885","SCF055-5",1,2.37660093780673e-06
"5311","ASV886","SCF049-1",0,0
"5312","ASV886","SCF049-2",0,0
"5313","ASV886","SCF049-3",0,0
"5314","ASV886","SCF055-1",0,0
"5315","ASV886","SCF055-4",0,0
"5316","ASV886","SCF055-5",1,2.37660093780673e-06
"5317","ASV887","SCF049-1",0,0
"5318","ASV887","SCF049-2",0,0
"5319","ASV887","SCF049-3",0,0
"5320","ASV887","SCF055-1",0,0
"5321","ASV887","SCF055-4",0,0
"5322","ASV887","SCF055-5",1,2.37660093780673e-06
"5323","ASV888","SCF049-1",0,0
"5324","ASV888","SCF049-2",0,0
"5325","ASV888","SCF049-3",0,0
"5326","ASV888","SCF055-1",0,0
"5327","ASV888","SCF055-4",0,0
"5328","ASV888","SCF055-5",1,2.37660093780673e-06
"5329","ASV889","SCF049-1",0,0
"5330","ASV889","SCF049-2",0,0
"5331","ASV889","SCF049-3",0,0
"5332","ASV889","SCF055-1",0,0
"5333","ASV889","SCF055-4",0,0
"5334","ASV889","SCF055-5",1,2.37660093780673e-06
